ntcse,uunn,amt,direccion,wgsy,wgsx
I408036,HUANUCO,A4252,SECC: I408036,-9.922772895,-76.24428771
I408019,HUANUCO,A4252,E420003,-9.931057928,-76.24386993
I408020,HUANUCO,A4252,HACIA EL 420603,-9.931240502,-76.24345238
I408021,HUANUCO,A4252,A BANCO CREDITO,-9.931268294,-76.24343533
I408032,HUANUCO,A4253,ALAMEDA DE LA REPUBLICA,-9.922118731,-76.2408162
I408034,HUANUCO,A4253,Interior de E420017,-9.921964232,-76.24058691
I408012,HUANUCO,A4258,SECC: I408012,-9.937550088,-76.23958011
I408042,HUANUCO,A4252,HOSPITAL HUANUCO,-9.928605228,-76.23736679
I408048,HUANUCO,A4253,EN E420018,-9.92371657,-76.23800051
I408049,HUANUCO,A4253,EN E420018,-9.923628267,-76.23797903
I408050,HUANUCO,A4253,CIRCUNVALACION,-9.916186299,-76.23826614
I408062,HUANUCO,A4254,SE REEMPLAZO FUSIBLES EN 2 FASES DE 6A 29/01/08,-9.910173939,-76.23211544
I408066,HUANUCO,A4254,DERIVACION COLPA BAJA,-9.89684157,-76.2240642
I408068,HUANUCO,A4254,Cambio de fusible de 6Amp x  6Amp fase R 13/10/09,-9.894222892,-76.22107992
I408254,HUANUCO,A4254,CARRETERA CENTRAL-SAN ANDRES,-9.888122457,-76.20699902
I408073,HUANUCO,A4251,SECC: I408073,-9.939079374,-76.24388744
I408092,HUANUCO,A4266,CAYHUAYNA,-9.955807282,-76.24856845
I408154,HUANUCO,A4257,SECC: I408154,-10.09624184,-76.21187189
I408136,HUANUCO,A4260,I408136,-9.874318361,-76.17901162
I408142,HUANUCO,A4259,DERIVACION A TAMBILLO,-9.864441925,-76.04488267
I408146,HUANUCO,A4260,SECC: I408146,-9.796948751,-75.99683659
I408149,HUANUCO,A4260,DERIVACION A TULLCA,-9.774629165,-76.08589324
I408150,HUANUCO,A4260,LINEA A MAYOBAMBA,-9.77190587,-76.08560374
I408121,HUANUCO,A4272,DERIVACION CHORAS,-9.873527708,-76.59613354
I408083,HUANUCO,A4256,E420007,-9.935542433,-76.24805185
I408137,HUANUCO,A4260,DERIVACION TARUCA,-9.853649508,-76.14969301
I408003,HUANUCO,A4251,SECC: I408003,-9.937447512,-76.23964382
I408004,HUANUCO,A4252,SECC: I408004,-9.937120081,-76.23940755
I408156,HUANUCO,A4256,DERIVACION SEDA HUANUCO,-9.926567819,-76.24821162
I408152,HUANUCO,A4256,JR. MAYRO - E420005,-9.931599328,-76.24883527
I408116,HUANUCO,A4258,SECC: I408116,-9.919803359,-76.31153437
I408079,HUANUCO,A4251,ZONA CERO,-9.946438666,-76.24747899
I408080,HUANUCO,A4251,SECC: I408080,-9.948054534,-76.24704125
I408099,HUANUCO,A4257,SECC: I408099,-9.980818325,-76.24486789
I408109,HUANUCO,A4257,DERIVACION TOMAYQUICHUA,-10.07806917,-76.21483896
I408153,HUANUCO,A4256,JR AYACUCHO C-1,-9.928584469,-76.2479358
I408163,HUANUCO,A4254,HUAYOPAMPA - AGROIND. DE ALIMENTOS BRANGGI,-9.909817755,-76.23243273
I408013,HUANUCO,A4259,SECC: I408013,-9.937529937,-76.23957018
I408014,HUANUCO,A4260,SECC: I408014,-9.937523138,-76.23956737
I408011,HUANUCO,A4257,SECC: I408011,-9.937537486,-76.2395743
I408008,HUANUCO,A4254,SECC: I408008,-9.937453024,-76.23962899
I408111,HUANUCO,A4257,Recloser Troncal ISCO,-10.13330078,-76.19799208
I408115,HUANUCO,A4258,DERIVACION GRITO RAULITO,-9.934317671,-76.2687455
I408131,HUANUCO,A4259,SECC: I408131,-9.945349806,-76.03630445
I408132,HUANUCO,A4259,SECC: I408132,-9.912214311,-76.01482083
I408135,HUANUCO,A4259,CHAGLLA,-9.851416748,-75.90882975
I408141,HUANUCO,A4260,DERIVACION A LA PUNTA,-9.819654188,-76.06665227
I408147,HUANUCO,A4260,DERIVACION PACHACHUPAN,-9.795237898,-76.0781705
I408148,HUANUCO,A4260,DERIVACION PACHACHUPAN,-9.789918003,-76.08284392
I408027,HUANUCO,A4252,E420014,-9.927923968,-76.24189371
I408171,HUANUCO,A4258,MARGOS,-9.997310104,-76.48636778
I408187,HUANUCO,A4268,CHUQUIS - DERIVACION A SILLAPATA,-9.67712465,-76.70831733
I408189,HUANUCO,A4268,LINEA A PACHAS,-9.708780547,-76.76505108
I408194,HUANUCO,A4271,DERIVACION LLATA,-9.545114269,-76.8174488
I408197,HUANUCO,A4271,LINEA A PUNCHAO,-9.446486641,-76.8025807
I408177,HUANUCO,A4272,DERIVACION CARAMARCA,-9.932725062,-76.62846461
I408178,HUANUCO,A4272,DERIVACION COSMA,-9.964124852,-76.64903008
I408180,HUANUCO,A4272,LINEA A BAÑOS,-9.982090185,-76.67699717
I408199,HUANUCO,A4260,DERIVACION NUEVA INDEPENDENCIA,-9.788576054,-76.06359715
I408202,HUANUCO,A4259,DERIVACION A CHACHASPATA,-9.864663943,-76.04500722
I408159,HUANUCO,A4256,NORMALMENTE ABIERTO,-9.939724704,-76.25380918
I408206,HUANUCO,A4254,TRONCAL LOS PORTALES,-9.918423213,-76.23139158
I408208,HUANUCO,A4254,Sin Pararrayos,-9.910070139,-76.23445106
I408209,HUANUCO,A4254,SECC: I408209,-9.925853591,-76.23034218
I408210,HUANUCO,A4254,DERIVACION PEDRO HUILCA,-9.93325058,-76.23490591
I408213,HUANUCO,A4251,PREDIO EL TINGO,-9.940302733,-76.25431202
I408214,HUANUCO,A4266,A SR. DE BURGOS,-9.944389451,-76.25318395
I408217,HUANUCO,A4266,DERIVACION A LAS PALMERAS,-9.956756224,-76.25015479
I408222,HUANUCO,A4266,A CAYHUAYNA BAJA,-9.958798353,-76.24499577
I408225,HUANUCO,A4266,CAYHUAYNA,-9.961464889,-76.24892287
I408229,HUANUCO,A4258,DERIVACION A YACUTOMA,-9.933079254,-76.2718594
I408231,HUANUCO,A4258,SECC: I408231,-9.928102361,-76.28077582
I408232,HUANUCO,A4258,SECC: I408232,-9.930411692,-76.27687611
I408233,HUANUCO,A4258,SECC: I408233,-9.943729721,-76.26011945
I408300,HUANUCO,A4266,OM-0450002048,-9.969269375,-76.2437432
I408236,HUANUCO,A4252,SECC: I408236,-9.928975094,-76.23866869
I408140,HUANUCO,A4260,SECC: I408140,-9.841790368,-76.12493979
I408238,HUANUCO,A4253,DERIVACION  ANTENA RADIO ONDAS DEL HUALLAGA,-9.913715711,-76.2395813
I408261,HUANUCO,A4260,DERIVACION EL RANCHO,-9.832324633,-76.09337826
I408144,HUANUCO,A4260,SECC: I408144,-9.798464921,-76.07621147
I408072,HUANUCO,A4251,SECC: I408072,-9.939217582,-76.24383971
I408071,HUANUCO,A4251,JR. 9 DE OCTUBRE,-9.939697325,-76.24104709
I408130,HUANUCO,A4259,DERIVACION A MANZANO,-9.963364527,-76.05009082
I408133,HUANUCO,A4259,SECC: I408133,-9.89470322,-75.99607231
I408239,HUANUCO,A4252,DERIVACION TIM,-9.920899966,-76.24652391
I408026,HUANUCO,A4252,E420014,-9.927900831,-76.24186741
I408037,HUANUCO,A4252,HACIA E420040,-9.9219232,-76.24389351
I408176,HUANUCO,A4272,SECC: I408176,-9.87867923,-76.59425911
I408179,HUANUCO,A4272,DERIVACION HUARIN,-9.975781957,-76.67320287
I408198,HUANUCO,A4272,SECC: I408198,-10.07614746,-76.63435909
I408029,HUANUCO,A4252,se reemplazò 2 fusibles NH de 106x160A,-9.926521851,-76.24379429
I408234,HUANUCO,A4254,SECC: I408234,-9.90870573,-76.22753344
I408264,HUANUCO,A4254,DERIVACION JANCAO ALTO,-9.900021285,-76.22471093
I408164,HUANUCO,A4260,SECC: I408164,-9.867982151,-76.17863245
I408057,HUANUCO,A4254,SECC: I408057,-9.922013619,-76.23191645
I408207,HUANUCO,A4254,SECC: I408207,-9.923153682,-76.22944941
I408112,HUANUCO,A4257,DERIVACION HUAYLLA,-10.15164066,-76.19049299
I408223,HUANUCO,A4266,DERIVACION E420500,-9.959959275,-76.24374646
I408226,HUANUCO,A4266,DERIVACION A LOS OLIVOS,-9.962663848,-76.24579772
I408227,HUANUCO,A4266,DERIVACION A LOS OLIVOS,-9.963094105,-76.2453485
I408245,HUANUCO,A4266,SECC: I408245,-9.966969947,-76.24742762
I408096,HUANUCO,A4257,Poste sin seccionador 20/2/10,-9.980625005,-76.25877463
I408097,HUANUCO,A4257,DERIVA A HUAYLLABAMBA ALTA,-9.976325963,-76.27043737
I408110,HUANUCO,A4257,SECC: I408110,-10.1153206,-76.20827757
I408102,HUANUCO,A4257,DERIVA A ÑAUSILLA BAJA,-10.04293914,-76.2364012
I408203,HUANUCO,A4257,DERIVACION PEAJE AMBO,-10.14120031,-76.19635728
I408240,HUANUCO,A4257,DERIVA A LAS PAMPAS,-10.04365072,-76.2215711
I408258,HUANUCO,A4255,Av. Perú,-9.937405675,-76.23842376
I408257,HUANUCO,A4255,SECC: I408257,-9.93820295,-76.23884357
I408268,HUANUCO,A4270,SECC: I408268,-9.821695914,-76.80212558
I408175,HUANUCO,A4272,RECLOSER RAIN-BAÑOS,-9.816814793,-76.64094474
I408185,HUANUCO,A4268,RECLOSER RAIN-LLATA,-9.814367256,-76.64213531
I408186,HUANUCO,A4268,TRONCAL CRUZPAMPA,-9.71472156,-76.66375824
I408260,HUANUCO,A4254,DERIVACION FULGAS,-9.904791281,-76.2272413
I408269,HUANUCO,A4271,SECC: I408269,-9.588373115,-76.73226376
I408270,HUANUCO,A4271,SECC: I408270,-9.605611942,-76.72015261
I408016,HUANUCO,A4252,E420002,-9.933026107,-76.24053911
I408031,HUANUCO,A4252,SECC: I408031,-9.924514264,-76.24243206
I408173,HUANUCO,A4268,SECC: I408173,-9.816383147,-76.64149575
I408282,HUANUCO,A4252,AGUILAR-SAN MARTIN,-9.930642741,-76.24638734
I408283,HUANUCO,A4256,SECC: I408283,-9.929713823,-76.24784519
I408288,HUANUCO,A4252,LEONCIO PRADO CDRA 12,-9.925726127,-76.24457934
I408287,HUANUCO,A4252,JR. CRESPO CASTILLO C-8,-9.929440183,-76.23824413
I408286,HUANUCO,A4252,Gral Prado Cdra 09,-9.931239879,-76.23941688
I408285,HUANUCO,A4252,"BOLIVAR CDRA 7, Se realizò mantenimiento 11/10/09",-9.92843027,-76.23696928
I408293,HUANUCO,A4258,PUCUCHINCHE,-9.92293169,-76.29320333
I408294,HUANUCO,A4258,PUCUCHINCHE,-9.924120666,-76.2884453
I408305,HUANUCO,A4254,SECC: I408305,-9.935828168,-76.23812576
I408298,HUANUCO,A4254,SECC: I408298,-9.908612504,-76.22771419
I408295,HUANUCO,A4253,SECC: I408295,-9.87821985,-76.20737929
I408299,HUANUCO,A4266,DERIVACION POTRACANCHA,-9.965002373,-76.24503796
I408318,HUANUCO,A4254,SECC: I408318,-9.92566466,-76.23031721
I408307,HUANUCO,A4258,SECC: I408307,-9.896875238,-76.42588032
I408280,HUANUCO,A4271,JUANA MORENO,-9.540466609,-76.81805383
I408291,HUANUCO,A4268,DERIVACION VILCABAMBA,-9.756872956,-76.6570617
I408303,HUANUCO,A4260,SECC: I408303,-9.835657675,-76.13147076
I408290,HUANUCO,A4268,SECC: I408290,-9.771469322,-76.65931162
I408302,HUANUCO,A4260,SECC: I408302,-9.851213695,-76.15125381
I408347,HUANUCO,A4268,DERIVACION CRUZPAMPA,-9.724816234,-76.65738983
I408356,HUANUCO,A4271,SAN MIGUEL DE QUEROSH,-9.525604458,-76.82632708
I408351,HUANUCO,A4258,ESTACION BASE CELULAR,-9.943954655,-76.25574501
I408350,HUANUCO,A4260,SECC: I408350,-9.794250025,-76.08032065
I408348,HUANUCO,A4271,TELEFONICA MOVILES S.A.,-9.541212507,-76.81713385
I408374,HUANUCO,A4257,DERIVA A EBC AMBO,-10.12452673,-76.20564679
I408321,HUANUCO,A4268,DERIVACION NINASH,-9.652330492,-76.71827755
I408265,HUANUCO,A4258,DERIVACION PUNTO UNION,-9.868141069,-76.51851455
I408352,HUANUCO,A4257,SECC: I408352,-10.12766548,-76.20106983
I408266,HUANUCO,A4258,Se remplazò fusible de 1A 15/10/09,-9.876578367,-76.4937544
I408304,HUANUCO,A4272,SECC: I408304,-10.04753038,-76.72328219
I408346,HUANUCO,A4257,Se instalò 3 fusibles de 2Amp 01/12/09,-9.98042189,-76.28203147
I408360,HUANUCO,A4268,DERIVACION PAMPAMARCA,-9.701745701,-76.710541
I408320,HUANUCO,A4259,SECC: I408320,-9.87705781,-76.032969
I408335,HUANUCO,A4258,DERIVACION HUAYUCOTO,-9.921337342,-76.32692557
I408336,HUANUCO,A4258,DERIVACION HUACALLE,-9.923581062,-76.35010411
I408337,HUANUCO,A4258,DERIVACION HIGUERAS,-9.921802751,-76.35718823
I408338,HUANUCO,A4258,SECC: I408338,-9.888440745,-76.38087516
I408361,HUANUCO,A4260,DERIVACION TAPRAG,-9.784293545,-76.05058372
I408353,HUANUCO,A4260,MAYOBAMBA,-9.744597459,-76.09292094
I408354,HUANUCO,A4260,DERIVACION HUAGUIN,-9.745901787,-76.09111768
I408355,HUANUCO,A4260,BANDERA BLANCA,-9.745666706,-76.08968584
I408308,HUANUCO,A4259,MANCAPOZO,-9.909150611,-76.19901162
I408328,HUANUCO,A4259,SHAYRICANCHA,-9.920053128,-76.1839103
I408312,HUANUCO,A4259,MANCAPOZO,-9.927695118,-76.17584937
I408315,HUANUCO,A4259,DERIVA A CANCALLA,-9.943763307,-76.15819294
I408339,HUANUCO,A4258,DERIVACION MITO,-9.895219611,-76.43304452
I408340,HUANUCO,A4258,SECC: I408340,-9.894402766,-76.43736942
I408313,HUANUCO,A4259,LINEA LLANQUIPAMPA,-9.925234193,-76.16708655
I408314,HUANUCO,A4259,I408314,-9.932412585,-76.1710423
I408386,HUANUCO,A4257,SECC: I408386,-9.984804391,-76.24518376
I408162,HUANUCO,A4257,KUENNEN DUANNE,-9.98518149,-76.24596368
I408375,HUANUCO,A4271,DERIVACION HUANCABAMBA,-9.547169286,-76.79750255
I408376,HUANUCO,A4271,DERIVACION PAMPAS DEL CARMEN,-9.548028177,-76.81225948
I408381,HUANUCO,A4271,DERIVACION FLORIDA,-9.538937098,-76.81855958
I408040,HUANUCO,A4252,Disyuntor 40,-9.929805392,-76.23784518
I408041,HUANUCO,A4252,Palanca 41,-9.929833872,-76.23771906
I408045,HUANUCO,A4253,Disyuntor 45,-9.926210067,-76.2392437
I408046,HUANUCO,A4253,NALF 46,-9.926035032,-76.23916705
I408047,HUANUCO,A4253,palanca 47,-9.926041328,-76.23921415
I408022,HUANUCO,A4252,E420011,-9.933146643,-76.24374024
I408253,HUANUCO,A4251,LINEA A FUNDO MARIÑO,-9.939392614,-76.26017807
I408322,HUANUCO,A4254,DERIVACION CIUD.UNIVERS.U DE HCO,-9.890271602,-76.21968242
I408183,HUANUCO,A4272,ADINELSA - DERIVACION PILCOCANCHA,-10.03331574,-76.71428608
I408251,HUANUCO,A4257,DERIVA MOLINO RAMIREZ,-10.12796685,-76.20334568
I408345,HUANUCO,A4257,DERIVACION GEGANA,-9.983851231,-76.28739472
I408344,HUANUCO,A4268,DERIVACION TINGO CHICO,-9.64660782,-76.72006572
I408343,HUANUCO,A4258,DERIVACION HUILLY,-9.991994874,-76.49447273
I408342,HUANUCO,A4258,DERIVACION PACAYHUA,-9.993894174,-76.51400876
I408349,HUANUCO,A4252,DERIVACION PALACIO MUNICIPAL,-9.930843898,-76.24005986
I408317,HUANUCO,A4254,DERIVACION CISTERNA 1,-9.930413082,-76.23356091
I408316,HUANUCO,A4259,DERIVA A SHISMAY,-9.954232701,-76.14913206
I408319,HUANUCO,A4258,SANTA ANA DE LAS PAMPAS,-9.893365824,-76.47100252
I408263,HUANUCO,A4268,INST AGRO SILLAPATA,-9.758494794,-76.77593935
I408128,HUANUCO,A4270,CARRETERA HUALLANCA,-9.836218307,-76.80485167
I408241,HUANUCO,A4254,DERIVACION IST. A. POMARES,-9.921415483,-76.2347479
I408382,HUANUCO,A4271,DERIVA AMPLIACION PROGRESO,-9.537192688,-76.82102194
I408383,HUANUCO,A4271,DERIVA SAN CRISTOBAL,-9.530297882,-76.82964107
I408384,HUANUCO,A4271,DERIVA PROGRESO,-9.531056696,-76.83012312
I408378,HUANUCO,A4271,DERIVACION CACHIGAGA,-9.577188034,-76.85713102
I408379,HUANUCO,A4271,DERIVA PORVENIR 01,-9.582926506,-76.86275075
I408405,HUANUCO,A4257,DERIVACION LIMA,-10.15512758,-76.18933623
I408403,HUANUCO,A4272,DERIVACION  EBC AUQUIRAGRA,-9.856738363,-76.60457915
I408397,HUANUCO,A4259,DERIVACION HUANUCO PANAO,-9.906050832,-76.21345364
I408400,HUANUCO,A4257,DERIVA EBC HUACAR,-10.16017021,-76.23553426
I408404,HUANUCO,A4258,DERIVCION EBC CORMAY,-9.875046063,-76.58299171
I408402,HUANUCO,A4271,DERIVACION LLATA - PAMPAS DEL CARMEN,-9.571066784,-76.79537538
I408401,HUANUCO,A4271,DERIVACION CACHIGAGA,-9.587022126,-76.85210952
I408422,HUANUCO,A4266,DERIVACION LAS PALMERAS,-9.960551932,-76.24927294
I408362,HUANUCO,A4260,SOGOBAMBA-CHINCHAO,-9.776644414,-76.08973024
I408504,HUANUCO,A4259,DERIVA SANTO TORIBIO LA PUNTA,-9.87202015,-76.0272747
I408503,HUANUCO,A4259,UMARI,-9.872089481,-76.02722537
I408502,HUANUCO,A4256,CERRO JACTAY,-9.930080709,-76.25436405
I408501,HUANUCO,A4269,DERIVACION PUNCURIN,-9.800384833,-76.79174116
I408500,HUANUCO,A4271,DERIVACION QUEROSH,-9.517663404,-76.83412525
I408421,HUANUCO,A4260,ÑAHUINSEQUIA-STA. M. VALLE,-9.867913428,-76.16953968
I408459,HUANUCO,A4271,Se cambio fusible de 8A-06/06/2020,-9.541533731,-76.71772254
I408461,HUANUCO,A4257,DERIVACION HUAYLLA,-10.14844484,-76.18754831
I408460,HUANUCO,A4271,HUAMALIES,-9.524387497,-76.65106251
I408512,HUANUCO,A4268,DERIVACION RAHUA - HUANCACHACA,-9.707948645,-76.6598361
I408516,HUANUCO,A4268,DERIVACION BUENOS AIRES,-9.707132291,-76.65927443
I408513,HUANUCO,A4268,DERV. PARASHAPAM,-9.724787311,-76.59726366
I408507,HUANUCO,A4268,DERIVACION ANTAPAMPA,-9.726532092,-76.66502852
I408506,HUANUCO,A4268,DERIVACION PAMPAMARCA,-9.701709196,-76.7105569
I408424,HUANUCO,A4257,DERIVACION CONCHAMARCA YAURIN,-10.03205106,-76.18353001
I408407,HUANUCO,A4268,RARAJ,-9.731749701,-76.77229492
I408410,HUANUCO,A4268,BARRIO QUIULACOCHA ALTA,-9.704441771,-76.7708983
I408425,HUANUCO,A4257,DERIVACION CHOQUICOCHA,-10.02442104,-76.18202153
I408509,HUANUCO,A4269,PARIANCAS 2,-9.794312809,-76.71522984
I408423,HUANUCO,A4257,SANCARRAGRA,-10.03745353,-76.21920261
I408510,HUANUCO,A4269,PARIANCAS,-9.794253279,-76.72425844
I408412,HUANUCO,A4268,HUAYNOPAMPA,-9.69722657,-76.76995996
I408408,HUANUCO,A4268,NUNASH,-9.714208312,-76.77428178
I408426,HUANUCO,A4257,CANCHAPARAN,-10.06224502,-76.26634339
I408431,HUANUCO,A4257,SANTA ROSA 2,-10.01982019,-76.17178819
I408430,HUANUCO,A4257,SAN LUIS DE TAYAPAMPA,-10.08997702,-76.3069178
I408429,HUANUCO,A4257,SAN MARCOS DE SUNCHAN,-10.08645897,-76.30079764
I408427,HUANUCO,A4257,"VILLA DE HUANCAN, VICSACOCHA",-10.06941995,-76.27960569
I408428,HUANUCO,A4257,DERIVACION COMUNPAMPA UTCONGA SAN PEDRO DE CUMBE,-10.07869581,-76.28844749
I408433,HUANUCO,A4260,DERIVACION CONCHUMAYO-QUERA,-9.868167059,-76.17140373
I408465,HUANUCO,A4257,RANCAY,-10.08812927,-76.30244496
I408450,HUANUCO,A4260,DERIVACION QUECHUALOMA,-9.844705634,-76.14440876
I408439,HUANUCO,A4260,JATUN PUCRO,-9.847829679,-76.29869009
I408434,HUANUCO,A4260,"PACHABAMBA,PACRO YUNCAN",-9.854221038,-76.19638513
I408451,HUANUCO,A4260,VINCHOS,-9.803487769,-76.17290539
I408435,HUANUCO,A4260,"POMACUCHO,SAN PEDRO DE CHOQUECANCHA",-9.845911593,-76.24748495
I408436,HUANUCO,A4260,POMACUCHO,-9.830779406,-76.24817201
I408445,HUANUCO,A4260,DERIVACION PAGSHAG,-9.796637685,-76.18619811
I408449,HUANUCO,A4260,HUALLANCA HUALMISH,-9.757790085,-76.25574448
I408437,HUANUCO,A4260,"TAMBO DE SAN JOSE,LLIHUARI",-9.805717847,-76.27648262
I408457,HUANUCO,A4260,RURIN DE PILLAO,-9.77684156,-75.95322478
I408440,HUANUCO,A4258,MANUEL GARCIA RODRIGUEZ,-9.962176101,-76.41532733
I408458,HUANUCO,A4260,SAN PEDRO DE CHAUPAGLLA,-9.794995087,-76.00000958
I408454,HUANUCO,A4260,SANTA ROSA DE UCHUCHACCA,-9.7853926,-75.97521156
I408441,HUANUCO,A4258,SAN LORENZO DE TUCLISH,-9.954834179,-76.41555304
I408442,HUANUCO,A4258,SAN CRISTOBAL DE CHINCHAN,-9.968347995,-76.43370809
I408446,HUANUCO,A4260,SAN BOLIVAR DE QUENRRA,-9.784608682,-76.21355395
I408443,HUANUCO,A4258,"SAN JOSE DE CHILIAN,PAMPAMARCA",-9.997654391,-76.48476498
I408413,HUANUCO,A4268,ACLLAHUAYIN,-9.691924477,-76.76292363
I408415,HUANUCO,A4268,VILLATACAJ,-9.681564664,-76.75126492
I408409,HUANUCO,A4268,BARRIO PARASHAPATA,-9.713499345,-76.77362756
I408414,HUANUCO,A4268,BARRIO HUANSAYLO,-9.69052671,-76.75876593
I408417,HUANUCO,A4268,Se cambió 01 fusible de 2A fase T 18-11-10,-9.630196314,-76.71900273
I408392,HUANUCO,A4271,"PAMPARRAHUAY,CARHUAPATA",-9.543834805,-76.73696243
I408396,HUANUCO,A4271,BELLAS FLORES,-9.390243013,-76.8119708
I408393,HUANUCO,A4271,SAN JUAN DE PAMPAS,-9.42242254,-76.7722453
I408395,HUANUCO,A4271,PALLALY,-9.429066897,-76.80330165
I408394,HUANUCO,A4271,MATACANCHA,-9.462855367,-76.82090448
I408565,HUANUCO,A4271,JATURPAC,-9.581946226,-76.8538848
I408567,HUANUCO,A4271,COCHAPATA,-9.551237657,-76.78027516
I408566,HUANUCO,A4257,CONCHAMARCA,-10.03771036,-76.21968064
I408406,HUANUCO,A4271,EBC SACUATUNA,-9.557117707,-76.83142463
I408505,HUANUCO,A4259,DERIVACION E420031,-9.92396163,-76.18036212
I408327,HUANUCO,A4259,ALLGAHUANCA II,-9.918084603,-76.18748971
I408325,HUANUCO,A4259,MATAMARCA,-9.910674863,-76.19750637
I408326,HUANUCO,A4259,ALLGAHUANCA I,-9.913388701,-76.19313446
I408538,HUANUCO,A4257,"CAYRAN,HUAMPON",-9.987655792,-76.2885744
I408330,HUANUCO,A4259,SARIAPAMPA III,-9.926190306,-76.17501855
I408331,HUANUCO,A4259,LLANQUIPAMPA I,-9.922715717,-76.1650831
I408334,HUANUCO,A4259,PAUCAR,-9.939274826,-76.17044708
I408332,HUANUCO,A4259,MONTEPAMPA,-9.925456184,-76.15550113
I408543,HUANUCO,A4257,SAN ANTONIO DE HUANCAN,-10.00701007,-76.29701507
I408539,HUANUCO,A4257,PIZGANGA,-9.979607064,-76.37481839
I408542,HUANUCO,A4257,CONCHAMARCA,-9.988607056,-76.29005306
I408540,HUANUCO,A4257,YUNCACHACA,-9.982220539,-76.36203433
I408544,HUANUCO,A4258,SAN JOSE DE ACOBAMBA,-9.92423262,-76.34281407
I408333,HUANUCO,A4259,CONOHUAYON,-9.928087921,-76.17616594
I408568,HUANUCO,A4257,EBC COCHAPAMPA,-10.17807969,-76.18461671
I408528,HUANUCO,A4258,DERIVACION HUANCAPALLAC,-9.903986416,-76.38957876
I408529,HUANUCO,A4258,DERIVAVION LUCMAPATA,-9.900476564,-76.40301066
I408530,HUANUCO,A4258,DERIVACION TUPAC AMARU,-9.900537718,-76.4388177
I408532,HUANUCO,A4258,DERIVACION RAYANCANCHA,-9.893629683,-76.4400463
I408533,HUANUCO,A4258,DERIVACION CALLANCAS,-9.883150055,-76.46358092
I408534,HUANUCO,A4258,DERIVACION SAN JUAN DE TINGO,-9.878075145,-76.46629108
I408535,HUANUCO,A4258,DERIVACION DE RODEO DE MARGOS,-9.856082495,-76.47216168
I408525,HUANUCO,A4258,SAN PEDRO DE CANI-COLLOTA,-9.884544862,-76.38064311
I408526,HUANUCO,A4258,DERIVACION CHONTA-HUANCAMARCA,-9.86449917,-76.39110295
I408527,HUANUCO,A4258,DERIVACION SHAYAG,-9.846816092,-76.39454198
I408523,HUANUCO,A4271,QUIVILLA,-9.600103519,-76.72270604
I408519,HUANUCO,A4269,MUNICIPALIDAD CAHUAC,-9.854080712,-76.63215367
I408324,HUANUCO,A4259,DERIVACION LLICUA ALTA,-9.919150558,-76.22334548
I408536,HUANUCO,A4254,TRONCAL HUAYOPAMPA,-9.910193343,-76.2316894
I408537,HUANUCO,A4254,TRONCAL JANCAO,-9.903720309,-76.22706814
I408482,HUANUCO,A4259,DERIVACION LLANCO,-9.855447947,-75.92715967
I408484,HUANUCO,A4259,DERIVACION LINEA GIRCAHUASI,-9.852518824,-75.91612315
I408487,HUANUCO,A4259,Se cambiò seccionador 22-2-10,-9.84075484,-75.90185874
I408490,HUANUCO,A4259,DERIVACIÓN LP CHAGLLA - RINCONADA,-9.843218057,-75.89120351
I408483,HUANUCO,A4259,DERIVACION AGUA BLANCA,-9.854579801,-75.9258413
I408491,HUANUCO,A4259,LINEA PRIMARIA TRONCAL CHAGLLA_RINCONADA,-9.836273835,-75.85144414
I408486,HUANUCO,A4259,DERIVA A HUANCAYO,-9.847766053,-75.90352131
I408485,HUANUCO,A4259,DERIVACION ILLATINGO,-9.852253823,-75.91370608
I408488,HUANUCO,A4259,DERIVA A CHIHUANHUAY,-9.83782226,-75.89856541
I408524,HUANUCO,A4269,DERIVACION LPBOLOGNESI EN EJECUCION,-9.857274974,-76.63342751
I408469,HUANUCO,A4269,DERIVACION A HUACUTO,-9.837813482,-76.62542994
I408474,HUANUCO,A4272,DERIVACION A PUCA PUCA,-9.878535937,-76.59422999
I408473,HUANUCO,A4272,DERIVACION A PILCOCANCHA,-9.878103225,-76.59439672
I408472,HUANUCO,A4272,DERIVACION A PARIAPAMPA,-9.833063524,-76.62686807
I408471,HUANUCO,A4258,DERIVACION A AYAPITEC,-9.865175251,-76.54819938
I408475,HUANUCO,A4272,DERIVACION A  LASCHAPAMPA,-9.855474096,-76.60530084
I408470,HUANUCO,A4269,DERIVACION A HUAYACULANO,-9.840467505,-76.62125471
I408479,HUANUCO,A4254,DERIVACION A AH. 02 DE FEBRERO,-9.90957816,-76.2354998
I408563,HUANUCO,A4259,DERIVACION A EBC CHAGLLA,-9.839403101,-75.89807857
I408564,HUANUCO,A4270,DERIVACION A EBC SILLAPATA,-9.827552623,-76.7991045
I408556,HUANUCO,A4258,DERIVACIÓN  A ANTIL,-9.977376835,-76.39145848
I408555,HUANUCO,A4258,DERIVACIÓN A COZOTINGO - CHEGYAHUARCAN,-9.953418012,-76.38735743
I408558,HUANUCO,A4258,DERIVA A QUEROSH,-9.995401505,-76.44736299
I408554,HUANUCO,A4258,DERIVACION A RANGRASH,-10.12287706,-76.43009732
I408552,HUANUCO,A4258,DERIVA SANTA CATALINA DE HUARAZ,-10.07019609,-76.45502949
I408553,HUANUCO,A4258,DERIVA A SAN ANTONIO DE JURCA,-10.08752958,-76.444945
I408545,HUANUCO,A4258,DERIVA A LP CHAULAN - VISTA ALEGRE,-10.05670732,-76.48374801
I408546,HUANUCO,A4258,DERIVA A SHAYWA,-10.08137373,-76.47845389
I408561,HUANUCO,A4257,DERIVACIÓN A LIBERTAD,-10.09729954,-76.33755246
I408548,HUANUCO,A4258,DERIVA A ATCUR,-10.01899496,-76.46801074
I408562,HUANUCO,A4257,NO EXISTE SECC I408562,-10.07754326,-76.34752659
I408549,HUANUCO,A4258,DERIVA A ACHINCA,-10.03495023,-76.46053742
I408550,HUANUCO,A4258,DERIVA A PIRURO,-10.04650603,-76.45800123
I408551,HUANUCO,A4258,DERIVA RUNTOG,-10.06741957,-76.45669661
I408559,HUANUCO,A4258,DERIVACION COLPANGA,-9.962694312,-76.41526188
I408560,HUANUCO,A4257,DERIVACION  RANCAY - CARHUACAJA,-10.09005636,-76.30720206
I408574,HUANUCO,A4257,DERVIVA A Vilcar Huancachupa,-9.978812731,-76.24635368
I408575,HUANUCO,A4269,DERIVA A COCHAS,-9.803874392,-76.65407889
I408576,HUANUCO,A4268,DERIVA A COLQUILLAS,-9.799235358,-76.64783281
I408578,HUANUCO,A4257,DERIVA A Yanag - Rosavero,-9.992560861,-76.24484693
I408579,HUANUCO,A4257,DERIVA A 23 DE AGOSTO,-10.12183269,-76.20601752
I408580,HUANUCO,A4257,DERIVA A 30 DE JULIO,-10.11912994,-76.20733392
I408522,HUANUCO,A4259,EBC SAN CRISTOBAL,-9.946058687,-76.19471751
I408618,HUANUCO,A4251,HOSPITAL ESSALUD II HUANUCO,-9.937271291,-76.24018693
I408590,HUANUCO,A4257,DERIVA A PIRURO,-10.15732593,-76.23634879
I408593,HUANUCO,A4257,DERIVA A LUCMA,-10.12773919,-76.25566087
I408602,HUANUCO,A4257,DERIVA A VILCARPAMPA,-10.04545701,-76.24146854
I408601,HUANUCO,A4257,DERIVA A INGENIO,-10.05136556,-76.25196657
I408604,HUANUCO,A4257,DERIVA A MARCAPAMAPA,-10.0956467,-76.2059214
I408600,HUANUCO,A4257,DERIVA A PUMACAN,-10.05527484,-76.26962002
I408603,HUANUCO,A4257,DERIVA A SAGRAGAYAN,-10.03205538,-76.17985585
I408597,HUANUCO,A4257,DERIVA A PANAOPAMPA,-10.00956655,-76.2233951
I408607,HUANUCO,A4257,DERIVA A CERRO ALEGRE,-9.984146019,-76.23468026
I408586,HUANUCO,A4257,DERIVA A YACA SED 1,-10.00075399,-76.20442031
I408612,HUANUCO,A4259,DERIVA A VILCABAMBA,-9.925817261,-76.16659051
I408611,HUANUCO,A4260,DERIVA A OVAS,-9.858409264,-76.21496524
I408610,HUANUCO,A4260,DERIVA A HUANIHUARI,-9.858168969,-76.22574767
I408609,HUANUCO,A4253,DERIVA A RIURAPAMPA,-9.914490319,-76.24682099
I408585,HUANUCO,A4257,DERIVA A HUAMANGA,-10.0117918,-76.23162611
I408584,HUANUCO,A4253,DERIVA A LIBERTAD,-9.893763486,-76.22926866
I408599,HUANUCO,A4257,DERIVA A CASABLANCA,-9.984064584,-76.24713182
I408598,HUANUCO,A4257,DERIVA A SAN JOSE DE CAYRAN,-9.978920295,-76.26340901
I408605,HUANUCO,A4257,DERIVA  A VISTA ALEGRE,-10.11877965,-76.20253851
I408596,HUANUCO,A4257,DERIVA A UNGRO,-10.12813145,-76.20783873
I408594,HUANUCO,A4257,DERIVA A COCHATAMA SED 02,-10.12310759,-76.25547993
I408583,HUANUCO,A4257,DERIVA  A HUISHCA,-10.13567345,-76.26326708
I408591,HUANUCO,A4257,DERIVA A NARANJOPAMPA,-10.15536644,-76.23790872
I408587,HUANUCO,A4253,DERIVA A NAUYAN RONDOS BAJO,-9.915011557,-76.24423721
I408588,HUANUCO,A4260,DERIVA A SONCHOPAMPA,-9.856694169,-76.20295616
I408592,HUANUCO,A4257,DERIVA A HUISHCA CHINCHAN,-10.13199176,-76.25374651
I408608,HUANUCO,A4257,DERIVA A PALTAYNIOC,-9.969137595,-76.19381126
I408626,HUANUCO,A4252,DERIVACION AL BANCO,-9.928579414,-76.23967448
I408623,HUANUCO,A4257,EBC TOMAYQUICHUA,-10.07792373,-76.20912254
I408420,HUANUCO,A4257,LUCMAPATA,-9.992510466,-76.2472557
I408624,HUANUCO,A4260,EBC STA MARA DEL VALLE,-9.876206493,-76.17438918
I408636,HUANUCO,A4257,LINEA ÑAUSA,-10.07645493,-76.28913977
I408377,HUANUCO,A4271,MUCHCAY - LLATA,-9.589463258,-76.8683289
I408638,HUANUCO,A4252,DERIVA AL PODER JUDICIAL,-9.928916386,-76.24130391
I408620,HUANUCO,A4268,DERIVA A TORNOCOCHA,-9.732064491,-76.78613943
I408619,HUANUCO,A4268,DERIVA A HUANAC,-9.733470808,-76.78425153
I408621,HUANUCO,A4271,DERIVA A CHUQUIBAMBA,-9.449917854,-76.78578645
I408637,HUANUCO,A4252,DERIVA A PODER JUDICIAL,-9.928584768,-76.24100449
I408272,HUANUCO,A4257,DERIVA A LP CHINCHUBAMBA - TOMAYQUICHUA,-10.07790772,-76.2105896
I408273,HUANUCO,A4257,DERIVACION A LP MOCRA,-10.07478215,-76.20136092
I408274,HUANUCO,A4257,DERIVA A LP RETAMAYOG,-10.07442017,-76.20149811
I408275,HUANUCO,A4257,DERIVCION A LP LUCMAS,-10.06877838,-76.19471254
I408276,HUANUCO,A4257,DERIVACION LP CHINCHUBAMBA,-10.06646561,-76.18336641
I408628,HUANUCO,A4252,DERIVACION DOS DE MAYO C-12,-9.928047727,-76.24052736
I408497,HUANUCO,A4272,DERIVA A INDEPENDENCIA,-9.892539453,-76.55432976
I408495,HUANUCO,A4272,DERIVA A CONOC SED 1,-9.891936996,-76.55414797
I408496,HUANUCO,A4272,DERIVA A CONOC SED 2,-9.895919552,-76.5467734
I408498,HUANUCO,A4272,DERIVA A LUCMARAGRA,-9.904402805,-76.53872244
I408493,HUANUCO,A4272,DERIVA A TICRASH,-9.915386593,-76.58839827
I408494,HUANUCO,A4272,DERIVA A PARASHAPAMPA,-9.886786639,-76.59189286
I408639,HUANUCO,A4257,DERIVACION ALBERGUE,-10.09587361,-76.20833413
I408641,HUANUCO,A4268,DERIVACION QUIVILLA,-9.626187886,-76.71787828
I408613,HUANUCO,A4268,DERIVACION CHUQUIS,-9.605615393,-76.65553466
I408614,HUANUCO,A4268,DERIVACION MUNANYA,-9.609898697,-76.68768786
I408615,HUANUCO,A4268,DERIVACION HUANCAN,-9.642619596,-76.71000499
I408616,HUANUCO,A4268,DERIVACION HUANCAPAMPA,-9.643843089,-76.70942814
I408617,HUANUCO,A4268,DERIVACION RUCAO,-9.677233948,-76.67840289
I408369,HUANUCO,A4258,DERIVACION A COCHAS,-10.02689764,-76.47810997
I408453,HUANUCO,A4260,DERIVACION VISTA ALEGRE DE PILLAO,-9.790984142,-75.98230303
I408633,HUANUCO,A4268,DERIVACION GORGOR,-9.609720133,-76.62445192
I408634,HUANUCO,A4268,DERIVACION TICTE,-9.608813534,-76.50154285
I408630,HUANUCO,A4268,DERIVACION HUANCAYLO 2,-9.604547431,-76.65221834
I408631,HUANUCO,A4268,DERIVACION MAYNAS 1,-9.606797529,-76.6456622
I408632,HUANUCO,A4268,DERIVACION MAYNAS 2,-9.606947685,-76.63240369
I408697,HUANUCO,A4254,DERIVACION DIRESA JANCAO,-9.899781117,-76.22390031
I408663,HUANUCO,A4257,DERIVACION EBC RANCAY,-10.07943177,-76.29536362
I408664,HUANUCO,A4259,DERIVA DE PICAFLOR DE HIERBABUENA,-9.96232957,-76.07266698
I408669,HUANUCO,A4259,DERIVA A SOLANO UCRO,-9.931314969,-76.02728699
I408667,HUANUCO,A4259,DERIVA A USHARUMI,-9.938443185,-76.03239951
I408668,HUANUCO,A4259,DERIVA A LLIULLA,-9.936922566,-76.031815
I408671,HUANUCO,A4259,DERIVA A AUCHI,-9.917514588,-76.01911863
I408670,HUANUCO,A4259,DERIVA A LP A COCHATO - MONTEHUASI,-9.923118199,-76.02504201
I408666,HUANUCO,A4259,DERIVA A LP A PALMAPAMPA - JARAHUASI,-9.98154406,-76.04157488
I408665,HUANUCO,A4259,DERIVA A PUCAJAGA (LP A GONGAPATA),-9.975580317,-76.02698044
I408672,HUANUCO,A4259,DERIVA A LP PULIAJ,-9.908238819,-75.99183341
I408674,HUANUCO,A4259,DERIVA A TICAPAMPA,-9.894679775,-75.97776845
I408673,HUANUCO,A4259,DERIVA A LP A ICHU - YANUNA,-9.891558467,-75.98061284
I408675,HUANUCO,A4259,DERIVA A HUAMAM I,-9.876397202,-75.9577221
I408676,HUANUCO,A4259,DERIVA A HUAMAN SED 2,-9.874474318,-75.95312833
I408682,HUANUCO,A4259,DERIVA A PINQUIRAY (LP A HUANCATURPA - WILLCA),-9.849372708,-75.96300099
I408683,HUANUCO,A4259,DERIVA A PINQUIRAY (LP A PINQUIRAY 2 - HUAYRAJ,-9.84468045,-75.96699624
I408684,HUANUCO,A4259,DERIVA A AURIMACHAY,-9.843060512,-75.97209012
I408685,HUANUCO,A4259,DERIVA A TUNGRA,-9.845451032,-75.97551503
I408687,HUANUCO,A4259,DERIVA A GOYARPUNTA (LP A HUIYAN),-9.862287644,-76.00609661
I408689,HUANUCO,A4259,DERIVA A PALIZADA,-9.871928163,-76.02079152
I408677,HUANUCO,A4259,DERIVA A TIPSA ALTA (TRONCAL LP A HUENGOMAYO),-9.91401599,-75.93484707
I408678,HUANUCO,A4259,DERIVA A CHAGRAGOTO,-9.918916425,-75.92969618
I408679,HUANUCO,A4259,DERIVA A HUARPOJ,-9.923874768,-75.9258275
I408680,HUANUCO,A4259,DERIVA A TOMAYRICA (LP A RUMICHACA),-9.93440228,-75.90857254
I408691,HUANUCO,A4259,DERIVA A YANAMAYO,-9.827320096,-76.05683661
I408692,HUANUCO,A4259,DERIVA A PAVINA SED 1,-9.836488099,-76.04915117
I408693,HUANUCO,A4259,DERIVA A PAVINA SED 2,-9.844361227,-76.04792212
I408694,HUANUCO,A4259,DERIVA A PAVINA SED 3,-9.850540336,-76.04714915
I408696,HUANUCO,A4259,DERIVA A CHINCHINCA (LP A CRUZ PUNTA),-9.858327352,-76.04681161
I408695,HUANUCO,A4259,DERIVA A CACHIGAGA,-9.858336513,-76.04594708
I408661,HUANUCO,A4268,DERIVA A BARRIO INDEPENDIENTE,-9.714601851,-76.75205972
I408703,HUANUCO,A4259,DERIVACION A TIRISHHUANCA-TAMAR,-9.909941891,-76.01090081
I408706,HUANUCO,A4260,DERIVA A TARAYOG - SAN JUAN DE ÑAUSA,-9.844724964,-76.19800678
I408712,HUANUCO,A4260,DERIVACION A AGUA DULCE DE TUMACPAMPA,-9.842936463,-76.1094479
I408708,HUANUCO,A4260,DERIVA A LP ALTO QUERA-MARAYPAMPA,-9.853628806,-76.27944709
I408711,HUANUCO,A4260,DERIVA A LP VINCHOS PAMPA,-9.829063611,-76.13130837
I408716,HUANUCO,A4260,DERIVA A SAN JUAN DE CHACAMARCA,-9.785565655,-76.0358928
I408714,HUANUCO,A4260,DERIVA A MICHO - TINYAHUAYIN,-9.770017685,-76.08565661
I408707,HUANUCO,A4260,Se reemplazo cut-out por encontrarse roto 17/10,-9.795310669,-76.30966508
I408710,HUANUCO,A4260,DERIVA A MARAG,-9.767288205,-76.23827667
I408715,HUANUCO,A4260,DERIVA A MAYOBAMBA ALTA,-9.749035977,-76.09140725
I408704,HUANUCO,A4259,DERIVA A COLICOCHA-COÑAICA,-9.903318359,-76.00270337
I408713,HUANUCO,A4260,DERIVA A  N. ESPERANZA DE HUALLINTUSHA,-9.778569644,-76.08605283
I408657,HUANUCO,A4254,DERIVA A SAN ROQUE,-9.897973103,-76.22465606
I408659,HUANUCO,A4260,DERIVA A LAS PALMERAS,-9.826091187,-76.13441809
I408658,HUANUCO,A4260,DERIVA A HUYACOTO,-9.823805557,-76.13241149
I408721,HUANUCO,A4258,Site Claro - Margos,-9.999153636,-76.52124381
I408720,HUANUCO,A4272,DERIVA A LAURICOCHA,-10.12644644,-76.61830447
I408722,HUANUCO,A4260,DERIVA A VADO,-9.829165479,-76.15481732
I408656,HUANUCO,A4257,DERIVA A RAMOSRAGRA,-10.13209571,-76.36342339
I408655,HUANUCO,A4257,DERIVA A LP RAMOSRAGRA - YANACOCHA,-10.12133471,-76.37153828
I408654,HUANUCO,A4257,DERIVA A QUEPAYACAN - YANACOCHA,-10.11187967,-76.35911216
I408729,HUANUCO,A4257,DERIVA A CHINCHAN - SAN JUAN DE YANAG,-10.13492446,-76.28104771
I408730,HUANUCO,A4257,DERIVA A ATAHUAYON - ACOBAMBILLA,-10.19222682,-76.23521899
I408732,HUANUCO,A4257,DERIVA A PAMPATUPE,-10.21207161,-76.23911136
I408733,HUANUCO,A4257,DERIVA A HUACAPUCLLANA,-10.22643623,-76.25914797
I408726,HUANUCO,A4257,DER. A COCHAQUILLO-HUARACHIMPA-CHAUCHA,-10.17080876,-76.19048371
I408737,HUANUCO,A4257,DERIVA A MARAURA,-10.17764933,-76.18448607
I408734,HUANUCO,A4257,Der. a Urambiza-Maraypata-Huancarumi-Lomas G,-10.18220502,-76.17622271
I408738,HUANUCO,A4258,DERIVA A CHONTARRAGRA SED 02,-9.875050379,-76.57158631
I408739,HUANUCO,A4258,DERIVA A CHONTARRAGRA SED 03,-9.873368378,-76.56744271
I408643,HUANUCO,A4268,DERIVA A LP TANTACOTO - PATAY RONDOS,-9.608629038,-76.50096415
I408650,HUANUCO,A4268,ERIVACION CONCHAHUAS,-9.627446057,-76.44614644
I408645,HUANUCO,A4268,Derivacion  Huancamayo,-9.592716566,-76.43850614
I408646,HUANUCO,A4268,Derivacion Ichic Marias,-9.579766336,-76.40891278
I408647,HUANUCO,A4268,Derivacion Nauma,-9.571041662,-76.39592768
I408648,HUANUCO,A4268,Derivacion Patay Rondos,-9.562642798,-76.38278799
I408649,HUANUCO,A4268,Derivacion Pura,-9.537992139,-76.36138314
I408829,HUANUCO,A4257,DERIVA A EBC LOMA LARGA,-10.14015984,-76.2478965
I408740,HUANUCO,A4271,DERIVA A COMPLEJO CENTRO EDUCATIVO,-9.420038555,-76.77147482
I408582,HUANUCO,A4271,DERIVA A SAN JUAN DE QUIRUQUIRU,-9.537176247,-76.67309698
I408581,HUANUCO,A4271,DERIVA A QUEROPATAY,-9.538362264,-76.68414886
I408798,HUANUCO,A4268,DERIVACION CHUPAN,-9.745323669,-76.65446591
I408789,HUANUCO,A4254,DERIVACION HUACHOG,-9.884845813,-76.20050205
I408784,HUANUCO,A4260,DERIVACION EBC SANTA MARIA DEL VALLE,-9.872880479,-76.16623713
I408831,HUANUCO,A4272,DERIVACION EBC BAÑOS,-10.06680277,-76.73305114
I408786,HUANUCO,A4268,DERIVACION EBC CHUPAN,-9.753947619,-76.66460034
I408788,HUANUCO,A4258,DERIVACION EBC JACAS CHICO,-9.919897707,-76.48204125
I408514,HUANUCO,A4268,DERIVACION UNION WARI,-9.73842626,-76.64019312
I408515,HUANUCO,A4268,DERIVACION HUARIPAMPA  -SHURUPAMPA,-9.739417464,-76.65415788
I408791,HUANUCO,A4268,DERIVACION SARF CHUQUIS,-9.678029244,-76.70453777
I408806,HUANUCO,A4260,DERIVACION EBC HATUN RUMI,-9.748812636,-76.21794022
I408805,HUANUCO,A4258,DERIVACION EBC CHUALAN,-10.06940065,-76.46181614
I408809,HUANUCO,A4260,DERIVACION EBC PACCHAYOG,-9.788130204,-76.15341961
I408718,HUANUCO,A4257,SECC. I408718 HACIA LAS PAMPAS,-10.04180893,-76.22308611
I408794,HUANUCO,A4268,SECC. I408794 HACIA ANDAHUAYLAS,-9.780774208,-76.65383913
I408796,HUANUCO,A4271,SECC. I408796 HACIA QUIVILLA,-9.598297469,-76.72394614
I408719,HUANUCO,A4257,SECC. I408719,-10.03522628,-76.2126517
I408785,HUANUCO,A4258,DERIVACION LLAMAPSILLON,-10.03705117,-76.52102912
I408810,HUANUCO,A4268,DERIVACION SAN FRANCISCO DE QUIPAS,-9.662655713,-76.71700107
I408811,HUANUCO,A4268,DERIVACION A PUCUTIN,-9.687133341,-76.70982165
I408812,HUANUCO,A4268,DERIVACION A HUANZAPAMPA,-9.703508703,-76.72146559
I408813,HUANUCO,A4268,DERIVACION A PRIMAVERA,-9.705140512,-76.73127083
I408807,HUANUCO,A4260,DERIVACION EBC LA HOYADA,-9.871588179,-76.08003054
I408783,HUANUCO,A4258,DERIVACION UTCUBAMBA,-10.00032887,-76.52356053
I408800,HUANUCO,A4272,DERIVACION JESUS,-10.07568979,-76.63277028
I408742,HUANUCO,A4268,DERIVACION SAN PEDRO-BUENOS AIRES,-9.730729591,-76.7841552
I408743,HUANUCO,A4268,DERIVACION YANUN-MARISCAL CASTILLA,-9.671355452,-76.74330413
I408744,HUANUCO,A4272,DERIVACION CARHUAC,-9.818078764,-76.63959037
I408745,HUANUCO,A4271,DERIVACION RACUAY-DIVISORIA 22.9,-9.811515612,-76.79754646
I408747,HUANUCO,A4271,DERIVACION MILPO-IRMA GRANDE,-9.574089362,-76.7932083
I408750,HUANUCO,A4271,DERIVACION HUAMACHACRA,-9.503692788,-76.87483946
I408751,HUANUCO,A4271,DERIVACION LLAYPE,-9.500627759,-76.88233184
I408753,HUANUCO,A4271,DERIVACION SHUCSHA,-9.384107238,-76.75684932
I408754,HUANUCO,A4269,DERIVACION SECCHA 22.9,-9.818278163,-76.79729905
I408755,HUANUCO,A4272,DERIVACION PROGRESO,-9.847992489,-76.79004126
I408756,HUANUCO,A4272,DERIVACION SECCHA 13.2,-9.920752056,-76.77232571
I408757,HUANUCO,A4272,DERIVACION WARIWAYIN,-9.935530266,-76.76289594
I408758,HUANUCO,A4272,DERIVACION VISTA ALEGRE,-9.956418392,-76.73960607
I408759,HUANUCO,A4272,DERIVACION YANATAPTA,-9.959367133,-76.72471554
I408761,HUANUCO,A4272,DERIVACION VISTA ALEGRE DE TACAJ,-9.847517919,-76.61207885
I408771,HUANUCO,A4272,DERIVACION TOLDOR RUMI-QUEROPALCA,-10.13707769,-76.72567197
I408775,HUANUCO,A4272,DERIVACION DE GASHASPAMPA,-10.2271726,-76.68779454
I408760,HUANUCO,A4272,DERIVACION CHANCOS CASHAPAMPA,-9.914282994,-76.62836459
I408762,HUANUCO,A4272,DERIVACION SAN FRANCISCO DE COCHAMARCA,-9.819143019,-76.63976547
I408769,HUANUCO,A4272,DERIVACION DE SAN LUIS DE UCRAPAMPA,-10.06985714,-76.73453437
I408765,HUANUCO,A4272,DERIVACION SHUQUIL,-10.04110093,-76.6676033
I408774,HUANUCO,A4272,DERIVACION DE PARACSHA,-10.14104099,-76.70592423
I408766,HUANUCO,A4272,DERIVACION SAN JOSE DE TICRA,-10.06790742,-76.64601849
I408767,HUANUCO,A4272,DERIVACION YACHASMARCA,-10.13600858,-76.62204242
I408768,HUANUCO,A4272,DERIVACION SAN ANTONIO DE OCOPA PACHASPITEG,-10.06059806,-76.73134706
I408752,HUANUCO,A4271,DERIVACION SANTA CRUZ DE CARHUANCHO,-9.498260745,-76.94344825
I408782,HUANUCO,A4258,DERIVACION SAN CRISTOBAL DE POTAGA,-9.965293566,-76.51270922
I408830,HUANUCO,A4258,DERIVACION  HUANCACANCHA-TOCANA,-10.01019625,-76.5235301
I408832,HUANUCO,A4258,DERIVACION PUCAHUANCAY,-10.06074075,-76.55106358
I408748,HUANUCO,A4271,DERIVACION SAN ROQUE-SAN MATEO,-9.513811771,-76.82674574
I408772,HUANUCO,A4258,DERIVACION QUILLARRAGRA - ANTAPITEG,-10.04381023,-76.52243121
I408418,HUANUCO,A4271,DERIVACION QUIULLAPAMPA,-9.602578656,-76.72165799
I408817,HUANUCO,A4271,DERIVACION EBC CERRO AUQUI,-9.379389777,-76.80542178
I408856,HUANUCO,A4271,I408856,-9.527151039,-76.83209543
I408855,HUANUCO,A4271,I408855,-9.389697507,-76.81266062
I408839,HUANUCO,A4272,I408839,-10.17148573,-76.79418079
I408815,HUANUCO,A4257,I408815,-9.985738814,-76.29137039
I408867,HUANUCO,A4270,I408867,-9.834497733,-76.80368667
I408816,HUANUCO,A4269,n,-9.861021314,-76.60975574
I408804,HUANUCO,A4268,CASACANCHA,-9.764340647,-76.73890662
I408787,HUANUCO,A4269,I408787,-9.882406453,-76.62136115
I420562,HUANUCO,A4258,I420562,-9.951869181,-76.24863035
I408890,HUANUCO,A4266,I408890,-9.961083205,-76.24646598
I408884,HUANUCO,A4266,SECC. I408884,-9.973101236,-76.24580043
I408879,HUANUCO,A4271,SECC. HACIA SECTOR  SANTOS JAIMES,-9.544491513,-76.81508311
I408878,HUANUCO,A4271,SECC. HACIA MALECON RONDOS,-9.545897647,-76.81334279
I408877,HUANUCO,A4251,SECC. I408877 HACIA CABRITO PAMPA,-9.937669563,-76.26004849
I408846,HUANUCO,A4268,SECC. I408846 HACIA PARAC,-9.658351772,-76.74459399
I408848,HUANUCO,A4268,SECC. I408848 HACIA YANUNA,-9.6747684,-76.74256527
I408849,HUANUCO,A4268,SECC. I408849 HACIA CONOC,-9.677804197,-76.74629097
I408850,HUANUCO,A4268,SECC. I408850 HACIA HUANZAYLO,-9.686267244,-76.76095525
I408852,HUANUCO,A4268,SECC. I408852 HACIA TUPAC AMARU,-9.69229049,-76.76618308
I408853,HUANUCO,A4268,SECC. I408853 HACIA CONDORBAMBA,-9.674877399,-76.73860462
I408854,HUANUCO,A4268,SECC. I408854 HACIA HUAYLAGIAN,-9.719245529,-76.78114759
I408847,HUANUCO,A4268,SECC. I408847 HACIA PARAC,-9.661979207,-76.74463121
I408864,HUANUCO,A4258,SECC. I408864 HACIA HUAMALLY,-9.919470936,-76.47077847
I408866,HUANUCO,A4258,SECC: I408866 HACIA CARPISH,-9.948273081,-76.51201421
I408863,HUANUCO,A4258,SECC. HACIA ILLONGACOCHA,-9.932355711,-76.47890577
I408862,HUANUCO,A4251,SECC. I408862 HACIA CETPRO ARSENIO MENDOZA FLOR,-9.943518769,-76.24529153
I408883,HUANUCO,A4266,OVALO CAYHUAYNA,-9.952455985,-76.24876824
I408906,HUANUCO,A4258,SECC. I408906 HACIA PUCUCHINCHE,-9.921247891,-76.30129525
I408912,HUANUCO,A4257,SECC. I408912 HACIA HUAYLLABAMBA,-9.98086077,-76.26913439
I408914,HUANUCO,A4260,SECC. I408914 HACIA LLOQUE,-9.884770217,-76.16150733
I408915,HUANUCO,A4260,SECC. I408915 HACIA LLOQUE,-9.891493518,-76.15491477
I408898,HUANUCO,A4259,SECC. I408898 HACIA VISTA ALEGRE,-9.938493512,-76.16451535
I408913,HUANUCO,A4266,SECC: I408913 HACIA ARCURAGRA,-9.969275174,-76.2534041
I408908,HUANUCO,A4251,SECC: I408908 HACIA EL TINGO,-9.942921197,-76.25626258
I408728,HUANUCO,A4257,I048728,-10.15879915,-76.25858875
I408901,HUANUCO,A4257,SECC. I408901 HACIA PANAOPAMPA,-9.993973597,-76.19257472
I408911,HUANUCO,A4257,SECC: I408911 HACIA USHNOPATA,-9.981099303,-76.24713078
I408929,HUANUCO,A4272,SECC. I408929 HACIA INDEPENDENCIA,-10.33586833,-76.64341822
I408927,HUANUCO,A4272,SECC. I408927 HACIA 8 DE DICIEMBRE,-10.31420653,-76.65619317
I408928,HUANUCO,A4272,SECC. I408928 HACIA CACHQUIZ,-10.34877425,-76.63596157
I408821,HUANUCO,A4269,SECC. I408821 HACIA PUPONCOCHA,-9.794551527,-76.67301261
I408823,HUANUCO,A4268,SECC. I408823 HACIA CHACPA,-9.752920907,-76.6613884
I408825,HUANUCO,A4269,SECC. I408825 HACIA INTIPAMPA,-9.79494514,-76.70905299
I408822,HUANUCO,A4268,SECC I408822 HACIA CHONTAUCRO,-9.740433583,-76.665268
I408824,HUANUCO,A4268,SECC I408824 HACIA SANTA CRUZ,-9.769345542,-76.6700017
I408826,HUANUCO,A4272,SECC. I408826 HACIA TUCSUPUN,-9.915188781,-76.61232602
I408828,HUANUCO,A4272,SECC I408828 HACIA CHINCHA,-9.93241239,-76.62911762
I408827,HUANUCO,A4272,SECC: I408827 HACIA RURISH,-9.924107758,-76.62090848
I408727,HUANUCO,A4257,SECC.I408727 HACIA HUARACALLA,-10.15828485,-76.26847206
I408709,HUANUCO,A4260,SECC: I408709 HACIA SANTA MARIA DEL VALLE,-9.851370512,-76.30423839
I408903,HUANUCO,A4254,SECC. I408903,-9.900059521,-76.22421972
I408916,HUANUCO,A4266,SECC. I408916,-9.968796677,-76.24371829
I408919,HUANUCO,A4266,SECC. I408919,-9.958845114,-76.24689285
I408882,HUANUCO,A4266,SECC. I408882,-9.951368895,-76.25080944
I408925,HUANUCO,A4258,ENLACE A4266 - A4258,-9.950945546,-76.25058313
I408936,HUANUCO,A4260,SECC I408936,-9.774761421,-76.09642902
I408931,HUANUCO,A4257,GOBIERNO REGIONAL DE HUANUCO,-10.12877146,-76.19290883
I408891,HUANUCO,A4260,OM 500080690,-9.810272521,-76.30053906
I408970,HUANUCO,A4259,I408970,-9.919178924,-76.02005423
I408896,HUANUCO,A4257,SECC. I408896,-10.11902164,-76.18317264
I408956,HUANUCO,A4271,SAN ANTONIO,-9.464352297,-76.77522851
I408959,HUANUCO,A4260,I408959,-9.9028225,-76.20875819
I408960,HUANUCO,A4259,I408960,-9.84882976,-75.96289066
I408962,HUANUCO,A4260,I408962 MAYOBAMBA,-9.750348539,-76.09099385
I408894,HUANUCO,A4257,SECC. I408894,-10.10946779,-76.16961153
I408895,HUANUCO,A4257,SECC. I408895,-10.14545042,-76.17984854
I408937,HUANUCO,A4260,SECC. I408937,-9.771144069,-76.20688261
I408946,HUANUCO,A4260,SECC. I408946,-9.850613367,-76.13589654
I408948,HUANUCO,A4260,SECC. I408948,-9.766617607,-75.97989049
I408950,HUANUCO,A4259,SECC. I408950,-9.87252244,-76.02082818
I408963,HUANUCO,A4272,I408963,-9.886541874,-76.59782427
I408964,HUANUCO,A4271,I408964,-9.51674338,-76.86077002
I408965,HUANUCO,A4271,I408965,-9.555430719,-76.75120804
I408966,HUANUCO,A4268,I408966,-9.6898707,-76.69778862
I408967,HUANUCO,A4268,I408967,-9.642892159,-76.71954374
I408968,HUANUCO,A4268,I408968,-9.692093382,-76.69636448
I408954,HUANUCO,A4258,I408954,-10.01832925,-76.46388536
I408938,HUANUCO,A4260,SECC. I408938,-9.7498565,-76.25281485
I408940,HUANUCO,A4260,SECC. I408940,-9.78210469,-76.32464209
I408941,HUANUCO,A4260,SECC. I408941,-9.861799663,-76.32172683
I408942,HUANUCO,A4260,SECC. I408942,-9.85883015,-76.09030224
I408943,HUANUCO,A4260,SECC. I408943,-9.763419762,-76.10640559
I408944,HUANUCO,A4260,SECC. I408944,-9.765547386,-76.07319056
I408945,HUANUCO,A4260,SECC. I408945,-9.791080148,-76.04983215
I408947,HUANUCO,A4260,SECC. I408947,-9.781271306,-76.0513746
I408949,HUANUCO,A4259,SECC. I408949,-9.916725103,-76.04297953
I408951,HUANUCO,A4259,SECC. I408951,-9.894780687,-75.99141792
I408869,HUANUCO,A4257,I408869,-9.978859652,-76.24618229
I408924,HUANUCO,A4266,SECC. I408924,-9.950848715,-76.25299941
I408899,HUANUCO,A4257,SECC. I408899,-9.989833964,-76.22054974
I408904,HUANUCO,A4257,SECC. I408904,-9.989799108,-76.22084499
I408900,HUANUCO,A4257,SECC. I408900,-9.989828075,-76.18671439
I408902,HUANUCO,A4257,SECC. I408902,-10.00314071,-76.21317876
I408905,HUANUCO,A4257,SECC. I408905,-9.981193502,-76.23441322
I408909,HUANUCO,A4256,SECC. I408909,-9.926658372,-76.25342832
I408975,HUANUCO,A4269,I408975,-9.861525498,-76.6115991
I408573,HUANUCO,A4271,I408573,-9.516483041,-76.82763316
I408977,HUANUCO,A4272,I408977,-9.988577592,-76.68138664
I408978,HUANUCO,A4272,I408978,-10.01565552,-76.69040633
I408979,HUANUCO,A4271,DERIVACION HACIA CACHIGAGA,-9.59788822,-76.84703097
I408935,HUANUCO,A4251,SECC. I408935,-9.945278255,-76.24391977
I408934,HUANUCO,A4251,SECC. I408934,-9.939767879,-76.24763001
I408887,HUANUCO,A4254,I408887,-9.889428535,-76.21176672
I408835,HUANUCO,A4252,REAL HOTEL,-9.927935537,-76.2419381
I408836,HUANUCO,A4252,REAL HOTEL,-9.92813565,-76.24206473
I408837,HUANUCO,A4252,REAL HOTEL,-9.928561442,-76.24233368
I408920,HUANUCO,A4266,SECC. I408920,-9.955943561,-76.24823371
I408917,HUANUCO,A4266,SECC. I408917,-9.964580716,-76.24490989
I408985,HUANUCO,A4260,DERIVACION A ACOMAYO,-9.799124433,-76.07543322
I408986,HUANUCO,A4266,L-1033 IN-1274 REP S.A.,-9.937544413,-76.23957767
I408990,HUANUCO,A4268,I408990,-9.785111763,-76.79555847
I420010,HUANUCO,A4259,DERIVACION CARRETERA A HUANCHAG,-9.871646874,-75.94821669
I408006,HUANUCO,A4253,I408006,-9.937461408,-76.23962494
I420011,HUANUCO,A4254,I420011,-9.915287448,-76.23314205
I420027,HUANUCO,A4272,DERIVACION A HUANCABAMBA,-9.939352259,-76.63358421
I420028,HUANUCO,A4272,DERIVACION A RAYAPATA,-9.960101594,-76.64203808
I420032,HUANUCO,A4271,SECCIONALIZADOR FLORIDA,-9.538196586,-76.81988088
I420034,HUANUCO,A4257,HUACAR - ANGASMARCA,-10.16985318,-76.23344724
I408974,HUANUCO,A4257,PLANTA DE TRATAMIENTO DE YANAG,-9.988422245,-76.24391209
I408933,HUANUCO,A4268,CAMAL MUNICIPAL PACHAS,-9.722768953,-76.76930894
I420006,HUANUCO,A4268,SECC. I420006 HACIA MAMAUCRO,-9.669421108,-76.71210654
I420005,HUANUCO,A4268,SECC. I420005 HACIA MUYHUAY,-9.672281342,-76.71042003
I420001,HUANUCO,A4268,SECC. I420001 HACIA CESAR VALLEJO,-9.674802765,-76.6554496
I420008,HUANUCO,A4268,SECC. I420008 HACIA GASAPA,-9.61147345,-76.65471873
I420007,HUANUCO,A4268,SECC. I420007 HACIA TUNAHUAYIN-OGOPAMPA,-9.618465853,-76.71578473
I420003,HUANUCO,A4268,SECC. I420003 HACIA HOGOPAMPA,-9.685865315,-76.68425107
I420004,HUANUCO,A4268,SECC. I420004 HACIA PUQUIO,-9.681161504,-76.70358664
I420002,HUANUCO,A4268,SECC. I420002 HACIA JAUCHIN,-9.675798803,-76.66806808
I408987,HUANUCO,A4271,SECC. I408987 HACIA NUEVA ESPERANZA,-9.379384263,-76.72803668
I408988,HUANUCO,A4271,SECC. I408988 HACIA PAMPA FLORIDA,-9.388797543,-76.71072728
I408989,HUANUCO,A4271,SECC: I408989,-9.387781249,-76.71181422
I420078,HUANUCO,A4251,I420078,-9.939398853,-76.2480846
I420079,HUANUCO,A4251,I420079,-9.939465053,-76.24817188
I420035,HUANUCO,A4257,SECC: I420035,-10.17996159,-76.17201624
I420072,HUANUCO,A4253,SECC: I420072,-9.93101688,-76.23629261
I420114,HUANUCO,A4272,RONDOS,-9.985971567,-76.69090959
I420115,HUANUCO,A4272,ISCOPAMPA,-9.941968744,-76.76002728
I420049,HUANUCO,A4257,SEC: I420049,-9.98979046,-76.24333001
I420050,HUANUCO,A4257,SECC: I420050,-10.0051182,-76.23822901
I420048,HUANUCO,A4257,SECC: I420048,-10.00958104,-76.23735056
I420043,HUANUCO,A4257,SECC: I420043,-9.981498312,-76.24464492
I420045,HUANUCO,A4257,SECC: I420045,-9.988390368,-76.24433035
I420065,HUANUCO,A4257,SECC: I420065,-10.04851537,-76.22529341
I420066,HUANUCO,A4257,SECC: I420066,-10.09701526,-76.21210569
I420067,HUANUCO,A4257,SECC: I420067,-10.13289816,-76.19823623
I420063,HUANUCO,A4257,SECC: I420063,-10.01126407,-76.23646382
I420062,HUANUCO,A4257,SECC: I420062,-10.1088279,-76.209642
I420060,HUANUCO,A4257,SECC: I420060,-10.1198965,-76.20644508
I420058,HUANUCO,A4257,SECC: I420058,-10.13051036,-76.20737819
I420059,HUANUCO,A4257,SECC: I420059,-10.12591201,-76.2046362
I420056,HUANUCO,A4257,SECC: I420056,-10.13181272,-76.21089732
I420057,HUANUCO,A4257,SECC: I420057,-10.15824912,-76.23261016
I420046,HUANUCO,A4257,SECC: I420046,-9.992142498,-76.24314617
I420047,HUANUCO,A4257,SECC: I420047,-9.994013213,-76.24622162
I420054,HUANUCO,A4257,SECC: I420054,-10.07238026,-76.21751095
I420055,HUANUCO,A4257,SECC: I420055,-10.09512137,-76.21336254
I420061,HUANUCO,A4257,SECC. I420061,-10.11888648,-76.20694441
I420107,HUANUCO,A4254,SECC: I420107,-9.926696873,-76.23416023
I420130,HUANUCO,A4257,SECC: I420130,-10.05261693,-76.22490714
I420109,HUANUCO,A4257,SECC: I420109,-9.980434567,-76.26517355
I420110,HUANUCO,A4257,SECC: I420110,-9.981075931,-76.2771019
I420116,HUANUCO,A4260,EBC HATUN RUMI,-9.749034673,-76.21797038
I420117,HUANUCO,A4260,EBC HATUN RUMI,-9.749219327,-76.21722051
I420129,HUANUCO,A4257,LLUNCO,-10.13291968,-76.18649048
I420151,HUANUCO,A4252,SECC: I420151,-9.926666373,-76.24380441
I420084,HUANUCO,A4257,SECC: I420084,-10.17106506,-76.23311421
I420075,HUANUCO,A4271,SECC. I420075,-9.522211772,-76.83245388
I420040,HUANUCO,A4271,SECC. I420040,-9.530238077,-76.82892078
I420041,HUANUCO,A4271,SECC. I420041,-9.528003219,-76.82713023
I420076,HUANUCO,A4271,SECC: I420076,-9.546234956,-76.81729023
I420149,HUANUCO,A4259,SECC_ I420149,-9.944434671,-76.19495621
I420145,HUANUCO,A4254,SECC: I420145,-9.931231868,-76.23516758
I408114,HUANUCO,A4256,SECC: I408114,-9.936948832,-76.24532503
I420141,HUANUCO,A4251,SECC: I420141,-9.939519761,-76.24393765
I420150,HUANUCO,A4258,SECC. I420150,-9.931409644,-76.27663975
I420152,HUANUCO,A4260,|SECC. I420152,-9.864782911,-76.17547936
I420153,HUANUCO,A4260,SECC. I420153,-9.86390539,-76.17459154
I420106,HUANUCO,A4257,SECC. I420106,-9.980916538,-76.25271519
I420105,HUANUCO,A4254,SECC. I420105,-9.93261846,-76.23601671
I420108,HUANUCO,A4256,SECC. I420108,-9.938132507,-76.25203129
I420070,HUANUCO,A4258,SECC. I420070,-9.994089431,-76.50496085
I420086,HUANUCO,A4252,TARAPACA CDRA 05,-9.932568285,-76.2448414
I408993,HUANUCO,A4272,SECC: I408993,-9.89627084,-76.61274453
I408995,HUANUCO,A4272,SECC. I408995,-9.903633641,-76.63217679
I408994,HUANUCO,A4272,SECC : I408994,-9.896868563,-76.62462917
I408996,HUANUCO,A4272,SECC. I408996,-9.901575387,-76.6394969
I408997,HUANUCO,A4272,SECC. I408997,-9.902123754,-76.63948297
I420159,HUANUCO,A4258,PUCUCHINCHE,-9.925675304,-76.28522272
I420102,HUANUCO,A4271,SECC. I420102,-9.551521445,-76.71312727
I420158,HUANUCO,A4254,SECC. I420158,-9.917362047,-76.23352642
I420177,HUANUCO,A4260,SECC.I 420177,-9.86250183,-76.32058529
I420179,HUANUCO,A4260,SECC. I420179,-9.694902482,-76.24223273
I420178,HUANUCO,A4260,SECC: I420178,-9.751264332,-76.2198227
I420180,HUANUCO,A4260,SECC. I420180,-9.743169597,-76.22254287
I420181,HUANUCO,A4260,SECC. I420181,-9.757119255,-76.22107184
I420183,HUANUCO,A4260,SECC. I420183,-9.777117959,-76.24037517
I420182,HUANUCO,A4260,SECC: I420182,-9.760140826,-76.22110923
I420184,HUANUCO,A4260,SECC. I420184,-9.783479068,-76.24384216
I420185,HUANUCO,A4260,SECC. I420185,-9.790082209,-76.22138334
I420187,HUANUCO,A4260,SECC. I420187,-9.796272805,-76.1975049
I420188,HUANUCO,A4260,SECC. I420188,-9.793125915,-76.164564
I420186,HUANUCO,A4260,SECC: I420186,-9.79000968,-76.19631065
I420189,HUANUCO,A4260,SECC. I420189,-9.820341456,-76.15121507
I420213,HUANUCO,A4260,SECC. I420213,-9.852347938,-76.1437678
I420192,HUANUCO,A4260,SECC. I420192,-9.815811669,-76.06755569
I420212,HUANUCO,A4260,SECC. I420212,-9.840779121,-76.32163278
I420193,HUANUCO,A4260,SECC. I420193,-9.859417823,-76.12905908
I420190,HUANUCO,A4260,SECC: I420190,-9.788028792,-76.15559519
I420211,HUANUCO,A4260,SECC. I420211,-9.742320964,-76.3936036
I420194,HUANUCO,A4260,SECC. I420194,-9.733918924,-76.25684987
I420210,HUANUCO,A4260,SECC. I420210,-9.785618758,-76.40220501
I420195,HUANUCO,A4260,SECC: I420195,-9.752044778,-76.26582364
I420196,HUANUCO,A4260,SECC. I420196,-9.716561363,-76.27234723
I420209,HUANUCO,A4260,SECC. I420209,-9.758833769,-76.37723013
I420197,HUANUCO,A4260,SECC. I420197,-9.749270929,-76.26932078
I420198,HUANUCO,A4260,SECC. I420198,-9.748891384,-76.26906925
I420208,HUANUCO,A4260,SECC. I420208,-9.793277127,-76.35314001
I420207,HUANUCO,A4260,SECC. I420207,-9.747917395,-76.31873574
I420200,HUANUCO,A4260,SECC. I420200,-9.859647236,-76.18073586
I420199,HUANUCO,A4260,SECC: I420199,-9.900465217,-76.14566788
I420201,HUANUCO,A4260,SECC. I420201,-9.820563384,-76.23734075
I420206,HUANUCO,A4260,SECC. I420206,-9.748629305,-76.31871157
I420204,HUANUCO,A4260,SECC. I420204,-9.794856255,-76.29472224
I420205,HUANUCO,A4260,SECC. I420205,-9.790155322,-76.31362465
I420203,HUANUCO,A4260,SECC. I420203,-9.807865793,-76.30668877
I420202,HUANUCO,A4260,SECC: I420202,-9.838969525,-76.21648323
I420191,HUANUCO,A4260,SECC. I420191,-9.819335115,-76.15009898
I420154,HUANUCO,A4272,SECC. I420154,-10.18940863,-76.76452682
I420155,HUANUCO,A4272,SECC. I420155,-10.18103525,-76.75268439
I420175,HUANUCO,A4256,SECC. I420175,-9.936517363,-76.24732743
I420270,HUANUCO,A4257,SECC. I420270,-10.13100277,-76.20711226
I420273,HUANUCO,A4257,SECC. I420273,-10.11862858,-76.20361419
I420275,HUANUCO,A4259,SECC. I420275,-9.918758542,-76.19275036
I420276,HUANUCO,A4253,SECC. I420276,-9.912630299,-76.24190367
I420277,HUANUCO,A4258,SECC. I420277,-9.949636896,-76.26337169
I420278,HUANUCO,A4257,SECC. I420278,-9.996155983,-76.24176687
I420146,HUANUCO,A4259,SECC: I420146,-9.936808771,-76.23697813
I408296,HUANUCO,A4258,SECC: I408296,-9.921169924,-76.30122035
I420323,HUANUCO,A4255,SECC: I420323,-9.948406082,-76.24214332
I408010,HUANUCO,A4256,SECC: I408010,-9.937450769,-76.23963615
I420214,HUANUCO,A4260,SECC: I420214,-9.860674913,-76.18001364
I408005,HUANUCO,A4252,SECC: I408005,-9.937473456,-76.23962283
I408009,HUANUCO,A4255,SECC: I408009,-9.937476394,-76.23961571
I420218,HUANUCO,A4271,SECC. I420218,-9.392454006,-76.7196958
I420346,HUANUCO,A4271,SECC. I420346,-9.387611679,-76.72248876
I420300,HUANUCO,A4271,SECC. I420300,-9.446306756,-76.80258688
I420299,HUANUCO,A4271,SECC. I420299,-9.452203624,-76.77567533
I420298,HUANUCO,A4271,SECC. I420298,-9.451872164,-76.77540606
I420288,HUANUCO,A4271,SECC. I420288,-9.534082724,-76.8236195
I420292,HUANUCO,A4271,SECC. I420292,-9.536151854,-76.76772117
I420321,HUANUCO,A4270,SECC. I420321,-9.841299796,-76.80699877
I420318,HUANUCO,A4272,SECC. I420318,-9.879791135,-76.59514612
I420317,HUANUCO,A4272,SECC. I420317,-9.91479431,-76.61258702
I420311,HUANUCO,A4272,SECC. I420311,-9.976266145,-76.67304416
I420310,HUANUCO,A4272,SECC. I420310,-10.02443798,-76.70752015
I420309,HUANUCO,A4272,SECC. I420309,-10.01095454,-76.69799844
I420315,HUANUCO,A4272,SECC. I420315,-10.04351531,-76.66576716
I420316,HUANUCO,A4272,SECC. I420316,-10.08719235,-76.63222809
I420314,HUANUCO,A4272,SECC. I420314,-10.07858873,-76.73451517
I420286,HUANUCO,A4258,SECC. I420286,-10.02769212,-76.52020039
I420283,HUANUCO,A4258,SECC. I420283,-10.00153961,-76.47085266
I420287,HUANUCO,A4258,SECC. I420287,-10.00449858,-76.46419956
I442048,HUANUCO,A4258,SECC. I442048,-9.878034615,-76.5046902
I420284,HUANUCO,A4258,SECC. I420284,-9.903932442,-76.38630325
I420285,HUANUCO,A4258,SECC. I420285,-9.893928202,-76.47553706
I420304,HUANUCO,A4268,SECC. I420304,-9.724853475,-76.60373349
I420293,HUANUCO,A4268,SECC. I420293,-9.677184253,-76.70733369
I420294,HUANUCO,A4268,SECC. I420294,-9.674358363,-76.70943287
I420301,HUANUCO,A4268,SECC. I420301,-9.71435936,-76.7519734
I420290,HUANUCO,A4268,SECC. I420290,-9.818174753,-76.79705821
I420306,HUANUCO,A4271,SECC. I420306,-9.786445185,-76.81681805
I420305,HUANUCO,A4268,SECC. I420305,-9.61373032,-76.71437754
I420307,HUANUCO,A4271,SECC. I420307,-9.53874585,-76.6906631
I420289,HUANUCO,A4271,SECC. I420289,-9.602670735,-76.84567485
I420216,HUANUCO,A4257,SECC. I420216,-9.994708832,-76.2417174
I420217,HUANUCO,A4260,SECC. I420217,-9.879370157,-76.18525702
I420271,HUANUCO,A4257,SECC. I420271,-10.11895568,-76.20253142
I420272,HUANUCO,A4257,SECC. I420272,-10.1188298,-76.20157613
I420274,HUANUCO,A4254,SECC. I420274,-9.930034398,-76.23290762
I420280,HUANUCO,A4252,SEC.I420280,-9.929897938,-76.23944028
I408184,HUANUCO,A4268,SECC: I408184,-9.816310285,-76.64151892
I420356,HUANUCO,A4268,SED. I420356,-9.753442252,-76.78976204
I420279,HUANUCO,A4258,SECC. I420279,-9.98548509,-76.50385267
I420291,HUANUCO,A4271,SECC. I420291,-9.81505328,-76.79781257
I420308,HUANUCO,A4272,SECC. I420308,-9.818472883,-76.79703726
I420313,HUANUCO,A4272,SECC. I420313,-10.18535976,-76.75280877
I420319,HUANUCO,A4270,SECC. I420319,-9.823574162,-76.79969424
I420135,HUANUCO,A4271,SECC. I420135,-9.422210858,-76.77211522
I420134,HUANUCO,A4271,SECC. I420134,-9.424723884,-76.7731289
I420074,HUANUCO,A4271,SECC. I420074,-9.400689252,-76.80069433
I420355,HUANUCO,A4271,SECC. I420355,-9.729050877,-76.81793401
I420357,HUANUCO,A4271,SECC. I420357,-9.728554754,-76.81230723
I420351,HUANUCO,A4271,SECC. I420351,-9.75664284,-76.82246903
I420350,HUANUCO,A4271,SECC. I420350,-9.754396232,-76.82215116
I420354,HUANUCO,A4271,SED. I420354,-9.780748575,-76.8165266
I420087,HUANUCO,A4258,SECC. I420087,-9.886437778,-76.38558776
I420099,HUANUCO,A4258,SECC. I420099,-9.904220175,-76.437432
I420089,HUANUCO,A4258,SECC: I420089,-9.873781084,-76.47826422
I420330,HUANUCO,A4253,SECC: I420330,-9.932278347,-76.23592639
I420088,HUANUCO,A4258,SECC. E450276,-9.8837922,-76.38476603
I420094,HUANUCO,A4258,SECC. I420094,-9.898682913,-76.3760131
I420092,HUANUCO,A4258,SECC. I420092,-9.881641087,-76.3798872
I420090,HUANUCO,A4258,SECC. I420090,-9.882065285,-76.47527975
I420101,HUANUCO,A4258,SECC. I420101,-9.805274061,-76.42254547
I420095,HUANUCO,A4258,SECC.I420095,-9.91054314,-76.37767679
I420091,HUANUCO,A4258,SECC.I20091,-9.880683712,-76.38100748
I420017,HUANUCO,A4268,SECC. I420017,-9.56371552,-76.50977222
I420016,HUANUCO,A4268,SECC. I420016,-9.568950519,-76.50995741
I420014,HUANUCO,A4268,SECC. I420014,-9.620946079,-76.49898159
I420332,HUANUCO,A4257,I420332,-10.20434607,-76.27020159
I420326,HUANUCO,A4272,I420326,-10.25466569,-76.68213183
I420325,HUANUCO,A4258,I420325,-10.08983297,-76.48833995
I420359,HUANUCO,A4260,SEC.I420359,-9.880334062,-76.14921923
I420361,HUANUCO,A4266,I420361,-9.963493625,-76.24254308
I420364,HUANUCO,A4266,SEC.I420364,-9.944335448,-76.25317087
I420100,HUANUCO,A4258,SECC. I420100,-9.900702958,-76.43836718
I420019,HUANUCO,A4268,SECC. I420019,-9.603797038,-76.70839491
I420018,HUANUCO,A4268,SECC. I420018,-9.607026212,-76.68009401
I420020,HUANUCO,A4268,SECC. I420020,-9.60310028,-76.65268518
I420022,HUANUCO,A4268,SECC. I420022,-9.562202273,-76.44427918
I420023,HUANUCO,A4268,SECC. I420023,-9.58438831,-76.43235719
I420015,HUANUCO,A4268,SECC. I420015,-9.63209621,-76.44972634
I420025,HUANUCO,A4268,SECC. I420025,-9.499850233,-76.35894794
I420098,HUANUCO,A4258,SECC. I420098,-9.870196995,-76.51160882
I420024,HUANUCO,A4268,SECC. I420024,-9.529416408,-76.35404911
I420347,HUANUCO,A4270,SEC.I420347,-9.821395238,-76.79927783
I420240,HUANUCO,A4259,SECC. I420240,-9.974313308,-76.05876138
I420219,HUANUCO,A4259,SECC. I420219,-9.992239191,-76.04309967
I420224,HUANUCO,A4259,SECC. I420224,-9.933398337,-76.02374075
I420225,HUANUCO,A4259,SECC. I420225,-9.931164762,-76.02884575
I420227,HUANUCO,A4259,SECC. I420227,-9.934764827,-76.03076901
I420252,HUANUCO,A4259,SECC. I420252,-9.920519322,-76.04266804
I420261,HUANUCO,A4259,SECC. I420261,-9.883319927,-75.99323024
I420265,HUANUCO,A4259,SECC. I420265,-9.896085983,-76.01891817
I420266,HUANUCO,A4259,SECC. I420266,-9.91241754,-76.01061745
I420248,HUANUCO,A4259,SECC. I420248,-9.895852152,-75.985531
I420253,HUANUCO,A4259,SECC. I420253,-9.926462352,-75.90064827
I420228,HUANUCO,A4259,SECC. I420228,-9.942745227,-76.03949041
I420229,HUANUCO,A4259,SECC. I420229,-9.951302361,-76.04187672
I420254,HUANUCO,A4259,SECC. I420254,-9.870896231,-75.9367003
I420263,HUANUCO,A4259,SECC. I420263,-9.891432096,-76.04015086
I420269,HUANUCO,A4259,SECC. I420269,-10.04517709,-76.08564717
I420220,HUANUCO,A4259,SECC. I420220,-9.918331445,-76.01934267
I420221,HUANUCO,A4259,SECC. I420221,-9.923638995,-76.02334587
I420222,HUANUCO,A4259,SECC. I420222,-9.924123564,-76.03311041
I420223,HUANUCO,A4259,SECC. I420223,-9.928539286,-76.02711795
I420242,HUANUCO,A4259,SECC. I420242,-9.933324328,-76.00417474
I420241,HUANUCO,A4259,SECC. I420241,-9.934402505,-76.00433652
I420243,HUANUCO,A4259,SECC. I420243,-9.940644965,-76.00537056
I420244,HUANUCO,A4259,SECC. I420244,-9.944994096,-76.00336669
I420251,HUANUCO,A4259,SECC. I420251,-9.915452711,-76.04899341
I420250,HUANUCO,A4259,SECC. I420250,-9.929017412,-75.98322775
I420249,HUANUCO,A4259,SECC. I420249,-9.89479855,-75.99168549
I420247,HUANUCO,A4259,SECC. I420247,-9.927859354,-76.00494169
I420246,HUANUCO,A4259,SECC. I420246,-9.951641821,-75.99907696
I420245,HUANUCO,A4259,SECC. I420245,-9.950094056,-76.00122545
I420239,HUANUCO,A4259,SECC. I420239,-10.0532865,-76.08336243
I420238,HUANUCO,A4259,SECC. I420238,-10.02263237,-76.08302618
I420232,HUANUCO,A4259,SECC. I420232,-9.973784383,-76.02974228
I420233,HUANUCO,A4259,SECC. I420233,-9.986000018,-76.04046011
I420234,HUANUCO,A4259,SECC. I420234,-9.976706793,-76.02490641
I420235,HUANUCO,A4259,SECC. I420235,-9.990800358,-76.00815471
I420236,HUANUCO,A4259,SECC. I420236,-9.990968506,-76.06428962
I420268,HUANUCO,A4259,SECC. I420268,-9.854033303,-76.01224071
I420267,HUANUCO,A4259,SECC. I420267,-9.851715286,-75.91157051
I420264,HUANUCO,A4260,SECC. I420264,-9.782360319,-75.96305088
I420256,HUANUCO,A4259,SECC. I420256,-9.859205094,-75.88536184
I420257,HUANUCO,A4259,SECC. I420257,-9.837639412,-75.89922178
I420258,HUANUCO,A4259,SECC. I420258,-9.829009638,-75.89800982
I420259,HUANUCO,A4259,SECC. I420259,-9.818021959,-75.90396979
I420260,HUANUCO,A4259,SECC. I420260,-9.816409335,-75.89569686
I420262,HUANUCO,A4259,SECC. I420262,-9.831105471,-75.8663448
I420231,HUANUCO,A4259,SECC. I420231,-9.955737151,-76.03387369
I420230,HUANUCO,A4259,SECC. I420230,-9.95528355,-76.03439504
I420255,HUANUCO,A4259,SECC. I420255,-9.853651514,-75.88294853
I420237,HUANUCO,A4259,SECC. I420237,-9.990808686,-76.06401395
I420367,HUANUCO,A4259,SIST. UTIL. I.E.I. HUARICHACA,-9.941151634,-76.03318765
I420360,HUANUCO,A4256,SIST. UTIL. I.E N.S DE LAS MERCEDES,-9.932501549,-76.24968558
I420368,HUANUCO,A4269,DERIVACIÓN - EBC OBAS,-9.794287499,-76.70091271
I420371,HUANUCO,A4258,EBC MINASPAMPA,-9.890063248,-76.49869794
I420370,HUANUCO,A4272,SIST. UTIL. I.E.I. FILOTHER MENDOZA CAMPOS,-10.1397388,-76.62434993
I420366,HUANUCO,A4270,EBC RIPAN,-9.828501454,-76.80486005
I420386,HUANUCO,A4253,I420386,-9.916465489,-76.24505998
I420387,HUANUCO,A4257,SECC: I420387,-10.12614962,-76.2044132
I420394,HUANUCO,A4266,I420394 AV INGENIERIA,-9.969953686,-76.25061369
I420363,HUANUCO,A4268,SECC. I420363,-9.729668311,-76.78787743
I420362,HUANUCO,A4269,I420362,-9.882018158,-76.62084808
I420170,HUANUCO,A4268,SEC.I420170,-9.715364703,-76.79439773
I420172,HUANUCO,A4268,SEC.I420172,-9.703175396,-76.7744234
I420166,HUANUCO,A4268,SEC.I420166,-9.650528043,-76.7430284
I420168,HUANUCO,A4271,SEC.I420168,-9.602837865,-76.72313037
I420165,HUANUCO,A4268,SEC.I420165,-9.654974663,-76.74322541
I420167,HUANUCO,A4268,SEC.I420167,-9.633655528,-76.73672429
I420171,HUANUCO,A4268,SECC: I420171,-9.721189819,-76.78138766
I420169,HUANUCO,A4271,SECC: I420169,-9.592663416,-76.73177726
I420173,HUANUCO,A4271,SECC. I420173,-9.617881464,-76.7596766
I420111,HUANUCO,A4254,SEC. I420111,-9.889805438,-76.21294405
I420374,HUANUCO,A4266,I420374,-9.961662008,-76.25417343
I420398,HUANUCO,A4257,SEC I420398,-9.988910145,-76.24383373
I420373,HUANUCO,A4266,I420373 bomba E02,-9.96064479,-76.24686828
I420375,HUANUCO,A4266,I420375 EB03,-9.967534459,-76.2545627
I420402,HUANUCO,A4257,SECC: I420402,-9.989959382,-76.24364922
I420395,HUANUCO,A4268,SEC I420395,-9.674687945,-76.65521562
I420385,HUANUCO,A4270,SEC. I420385,-9.841875747,-76.80713627
I420406,HUANUCO,A4260,I420406,-9.805069458,-76.07023831
I420401,HUANUCO,A4272,I420401,-10.08177032,-76.63485232
I420403,HUANUCO,A4260,I420403,-9.801610984,-76.2652241
I420409,HUANUCO,A4259,SEC I420409,-9.964391723,-76.06634787
I420407,HUANUCO,A4266,I420407,-9.95442377,-76.24622283
I420369,HUANUCO,A4257,SECC: I420369,-10.04162212,-76.22889408
I420381,HUANUCO,A4260,I420381,-9.861710758,-76.17897855
I420393,HUANUCO,A4266,SECC. I420393,-9.966617212,-76.25465277
I420397,HUANUCO,A4271,SECC: I420397,-9.365968645,-76.79368585
I420389,HUANUCO,A4254,SECC. I420389,-9.894289792,-76.22274277
I420390,HUANUCO,A4254,SECC. I420390,-9.890402701,-76.21335858
I420392,HUANUCO,A4257,SECC. I420392,-9.992489829,-76.24242738
I420412,HUANUCO,A4260,I420412,-9.823372886,-76.07260186
I420416,HUANUCO,A4257,SECC: I420416,-10.12834351,-76.20779701
I420415,HUANUCO,A4260,I420415,-9.797520528,-76.0793175
I420391,HUANUCO,A4266,SECC. I420391,-9.973257965,-76.25337776
I420519,HUANUCO,A4259,SECC I420519,-9.966798903,-76.13568811
I420520,HUANUCO,A4271,SECC I420520,-9.419920806,-76.76966227
I420526,HUANUCO,A4268,SECC: I420526,-9.677012213,-76.70682169
I420521,HUANUCO,A4251,SECC: I420521,-9.942908484,-76.24230666
I420522,HUANUCO,A4271,SECC: I420522,-9.579164088,-76.85915096
I420571,HUANUCO,A4271,SECC: I420571,-9.762777115,-76.82039596
I420524,HUANUCO,A4271,SECC: I420524,-9.546949733,-76.8266648
I420525,HUANUCO,A4271,SECC: I420525,-9.690153738,-76.83594855
I420527,HUANUCO,A4268,SECC: I420527,-9.708949445,-76.67413065
I420528,HUANUCO,A4268,SECC: I420528,-9.710146479,-76.67134403
I420518,HUANUCO,A4271,SECC: I420518,-9.583009252,-76.73630259
I420539,HUANUCO,A4256,I420359,-9.932294499,-76.25168308
I420517,HUANUCO,A4258,SECC. I420517,-10.00192531,-76.52358878
I420547,HUANUCO,A4252,I420547,-9.922066072,-76.24354652
I420543,HUANUCO,A4258,I420543,-9.922555438,-76.35547593
I420551,HUANUCO,A4268,i420551 ENLACE 71-68,-9.605637329,-76.7198908
I420554,HUANUCO,A4260,I420554 TAMBOGAN,-9.771743476,-76.22814939
I420555,HUANUCO,A4257,I420555 ,-10.22181207,-76.23645765
I420559,HUANUCO,A4260,I420559,-9.771109007,-76.22672902
I420358,HUANUCO,A4257,SECC: I420358,-10.01236471,-76.23634834
I420578,HUANUCO,A4260,I420578,-9.854042673,-76.29165056
I420591,HUANUCO,A4266,I420591,-9.952412674,-76.25224157
I420577,HUANUCO,A4251,I420577,-9.941939191,-76.24250028
I420558,HUANUCO,A4260,I420558,-9.759828127,-76.22164528
I420553,HUANUCO,A4268,I420553,-9.706160161,-76.769407
I420560,HUANUCO,A4268,I420560,-9.753976877,-76.77526312
I420552,HUANUCO,A4268,I420552,-9.728908725,-76.770941
I420565,HUANUCO,A4258,I420565,-9.946001105,-76.25272302
I420353,HUANUCO,A4271,SECC:I420353,-9.758685638,-76.82039493
I420352,HUANUCO,A4271,SECC:I420352,-9.760898133,-76.81979456
I420573,HUANUCO,A4271,SECC: I420573,-9.588253764,-76.86698779
I420574,HUANUCO,A4271,SECC. I420574,-9.512211766,-76.77597777
I420575,HUANUCO,A4271,SECC. I420575,-9.473510106,-76.77558345
I420576,HUANUCO,A4271,SECC. I420576,-9.445614044,-76.80313383
I420542,HUANUCO,A4272,I420542,-9.991236327,-76.69419102
I420541,HUANUCO,A4271,SECC. I420541,-9.516945966,-76.83048532
I420399,HUANUCO,A4257,SECC. I420399,-10.09590461,-76.20751188
I420566,HUANUCO,A4260,I420566,-9.759753811,-76.22173053
I420588,HUANUCO,A4271,I420588,-9.583820311,-76.8632435
I420589,HUANUCO,A4271,I420589,-9.541306605,-76.81708092
I420585,HUANUCO,A4271,I420585,-9.723941018,-76.82592913
I420587,HUANUCO,A4271,I420587,-9.698229854,-76.83561658
I420586,HUANUCO,A4271,I420586,-9.634036818,-76.84194597
I420590,HUANUCO,A4271,I420590,-9.590432244,-76.84964215
I420580,HUANUCO,A4257,SECC: I420580,-9.998513546,-76.24090765
I420581,HUANUCO,A4255,I420581,-9.938525413,-76.23731049
I420426,HUANUCO,A4258,I420426,-9.915825803,-76.49754584
I420435,HUANUCO,A4258,I420435,-9.986689187,-76.47919495
I420448,HUANUCO,A4258,I420448,-9.923222902,-76.35106424
I420449,HUANUCO,A4258,I420449,-9.988914623,-76.44341206
I420474,HUANUCO,A4258,I420474,-9.996761728,-76.51490609
I420421,HUANUCO,A4272,I420421,-9.96935696,-76.63740595
I420422,HUANUCO,A4272,I420422,-9.945699949,-76.61892819
I420437,HUANUCO,A4272,I420437,-9.91926979,-76.64339681
I420465,HUANUCO,A4272,I420465,-10.10208392,-76.57698137
I420472,HUANUCO,A4272,I420472,-9.969088605,-76.66548272
I420423,HUANUCO,A4258,I420423,-9.848685491,-76.54012991
I420425,HUANUCO,A4258,I420425,-9.851003548,-76.54089865
I420436,HUANUCO,A4272,I420436,-9.789153317,-76.56735342
I420447,HUANUCO,A4272,I420447,-9.900918197,-76.56202612
I420460,HUANUCO,A4272,I420460,-9.889822032,-76.56499088
I420463,HUANUCO,A4272,I420463,-9.808883615,-76.57777815
I420470,HUANUCO,A4272,I420470,-9.846675224,-76.59603513
I420475,HUANUCO,A4258,I420475,-9.876698636,-76.57732269
I420477,HUANUCO,A4272,I420477,-9.89278079,-76.55531774
I420478,HUANUCO,A4258,I420478,-9.865311044,-76.55084657
I420441,HUANUCO,A4272,I420441,-9.827859292,-76.65162795
I420456,HUANUCO,A4269,I420456,-9.843243206,-76.68524997
I420457,HUANUCO,A4269,I420457,-9.826573535,-76.68065964
I420466,HUANUCO,A4269,I420466,-9.804375183,-76.67288274
I420469,HUANUCO,A4269,I420469,-9.815458824,-76.67563771
I420499,HUANUCO,A4269,I420499,-9.848976559,-76.69041118
I420471,HUANUCO,A4269,I420471,-9.797267195,-76.73291869
I420479,HUANUCO,A4268,I420479,-9.712149853,-76.72533612
I420483,HUANUCO,A4258,I420483,-10.03050762,-76.49115742
I420484,HUANUCO,A4258,I420484,-9.962048111,-76.50232448
I420485,HUANUCO,A4258,I420485,-9.897567269,-76.38562219
I420486,HUANUCO,A4258,I420486,-9.896677916,-76.37725998
I420487,HUANUCO,A4258,I420487,-9.96217763,-76.43826257
I420488,HUANUCO,A4272,I420488,-9.910128898,-76.66278923
I420489,HUANUCO,A4272,I420489,-9.939349336,-76.6229826
I420490,HUANUCO,A4272,I420490,-10.02719091,-76.68053363
I420491,HUANUCO,A4272,I420491,-9.820809411,-76.63806523
I420492,HUANUCO,A4272,I420492,-9.87616981,-76.59680989
I420493,HUANUCO,A4272,I420493,-9.832777505,-76.62691519
I420494,HUANUCO,A4272,I420494,-9.907134573,-76.53972761
I420495,HUANUCO,A4272,I420495,-9.908061789,-76.60340432
I420496,HUANUCO,A4258,I420496,-9.881949434,-76.49447651
I420497,HUANUCO,A4268,I420497,-9.779566591,-76.64206044
I420498,HUANUCO,A4268,I420498,-9.746103275,-76.66648149
I420500,HUANUCO,A4269,I420500,-9.795641194,-76.66922923
I420550,HUANUCO,A4272,SECC. I420550,-10.14718187,-76.73273499
I420549,HUANUCO,A4272,SECC. I420549,-10.03487843,-76.73981268
I420548,HUANUCO,A4272,SECC. I420548,-10.03942758,-76.71819791
I420419,HUANUCO,A4271,I420419,-9.769165118,-76.84928495
I420420,HUANUCO,A4271,I420420,-9.765892405,-76.84231358
I420424,HUANUCO,A4272,I420424,-9.860883052,-76.7692056
I420429,HUANUCO,A4272,I420429,-9.913246919,-76.74916804
I420434,HUANUCO,A4268,I420434,-9.76343087,-76.77349346
I420438,HUANUCO,A4270,I420438,-9.814221088,-76.87292733
I420439,HUANUCO,A4269,I420439,-9.80772798,-76.76399511
I420444,HUANUCO,A4272,I420444,-9.9134779,-76.80760986
I420445,HUANUCO,A4272,I420445,-9.96683793,-76.74505127
I420450,HUANUCO,A4271,I420450,-9.789439679,-76.84414425
I420467,HUANUCO,A4268,I420467,-9.756467799,-76.76317379
I420473,HUANUCO,A4268,I420473,-9.685972733,-76.70059879
I420427,HUANUCO,A4271,I420427,-9.522688765,-76.65031707
I420428,HUANUCO,A4271,I420428,-9.534446681,-76.89967947
I420430,HUANUCO,A4271,I420430,-9.435197954,-76.81530909
I420431,HUANUCO,A4271,I420431,-9.579997043,-76.86229745
I420432,HUANUCO,A4271,I420432,-9.535702644,-76.738784
I420433,HUANUCO,A4271,I420433,-9.537407662,-76.90575582
I420440,HUANUCO,A4271,I420440,-9.387590761,-76.70141875
I420442,HUANUCO,A4271,I420442,-9.537893791,-76.64175372
I420443,HUANUCO,A4271,I420443,-9.572602472,-76.83523694
I420446,HUANUCO,A4271,I420446,-9.467993679,-76.8638481
I420451,HUANUCO,A4271,I420451,-9.594312673,-76.87359532
I420452,HUANUCO,A4271,I420452,-9.529330256,-76.77288363
I420453,HUANUCO,A4271,I420453,-9.581522876,-76.79080679
I420454,HUANUCO,A4271,I420454,-9.461060652,-76.77497796
I420455,HUANUCO,A4271,I420455,-9.490239898,-76.9125797
I420458,HUANUCO,A4271,I420458,-9.538424357,-76.7095952
I420459,HUANUCO,A4271,I420459,-9.536517647,-76.81122978
I420461,HUANUCO,A4271,I420461,-9.498506147,-76.872995
I420462,HUANUCO,A4271,I420462,-9.51479097,-76.84918277
I420464,HUANUCO,A4271,I420464,-9.558833026,-76.80615859
I420468,HUANUCO,A4271,I420468,-9.538589779,-76.69618363
I420501,HUANUCO,A4270,I420501,-9.799253892,-76.81243855
I420502,HUANUCO,A4270,I420502,-9.82354332,-76.83504505
I420503,HUANUCO,A4270,I420503,-9.817852802,-76.84130954
I420504,HUANUCO,A4271,I420504,-9.590395089,-76.80457288
I420505,HUANUCO,A4271,I420505,-9.566326085,-76.82024954
I420506,HUANUCO,A4271,I420506,-9.536885159,-76.82074689
I420507,HUANUCO,A4271,I420507,-9.57101598,-76.79965474
I420508,HUANUCO,A4271,I420508,-9.570829889,-76.79872959
I420509,HUANUCO,A4271,I420509,-9.550953425,-76.82562975
I420510,HUANUCO,A4271,I420510,-9.535811113,-76.80384776
I420511,HUANUCO,A4271,I420511,-9.550887427,-76.77999331
I420512,HUANUCO,A4271,I420512,-9.545263435,-76.73809099
I420513,HUANUCO,A4271,I420513,-9.536259203,-76.76746734
I420514,HUANUCO,A4271,I420514,-9.539288617,-76.76520882
I420515,HUANUCO,A4271,I420515,-9.552450757,-76.71666352
I420516,HUANUCO,A4271,I420516,-9.465115324,-76.85029513
I420331,HUANUCO,A4257,I420331,-10.13266183,-76.35876539
I420584,HUANUCO,A4253,I420584,-9.918568271,-76.24322484
I420598,HUANUCO,A4257,DERIVA A EBC BTS TOWERS,-10.14009487,-76.24825938
I420594,HUANUCO,A4272,SECC. I420594,-10.28966783,-76.66056269
I408799,HUANUCO,A4257,I408799,-10.00238759,-76.23963513
I420595,HUANUCO,A4254,CARR. CENT LLICUA,-9.930888258,-76.23456379
I420608,HUANUCO,A4272,SECC. I420608,-10.37151737,-76.76520948
I420632,HUANUCO,A4269,SECC: I420632,-9.801891293,-76.78900437
I420644,HUANUCO,A4268,SECC: I420644,-9.708887547,-76.67445946
I420609,HUANUCO,A4253,I420609,-9.918230287,-76.24560705
I420602,HUANUCO,A4268,SECC. I420602,-9.609799177,-76.63083096
I420606,HUANUCO,A4268,SECC. I420606,-9.644350369,-76.72041408
I420605,HUANUCO,A4268,SECC. I420605,-9.666245406,-76.71414294
I420603,HUANUCO,A4268,SECC. I420603,-9.671476241,-76.70832328
I420604,HUANUCO,A4268,SECC. I420604,-9.680341942,-76.70894567
I420848,HUANUCO,A4259,DERIVACION - HUANCHAG SED 1 CA - CARRETERA CHAGLLA,-9.867733734,-75.94617221
I420621,HUANUCO,A4259,I420621,-9.898401047,-75.99963088
I420614,HUANUCO,A4254,I420614,-9.893264483,-76.22455046
I420615,HUANUCO,A4254,I420615,-9.896878285,-76.22660882
I420613,HUANUCO,A4254,I420613,-9.888949036,-76.21129452
I420612,HUANUCO,A4254,I420612,-9.903611432,-76.22094534
I420083,HUANUCO,A4271,I420083,-9.5491837,-76.81732062
I420619,HUANUCO,A4253,DERIVACION A AH. 02 DE FEBRERO,-9.908652274,-76.23680576
I420620,HUANUCO,A4253,DERIVACION A AH. 02 DE FEBRERO,-9.90926696,-76.23707818
I420622,HUANUCO,A4271,DERIVACION YACUJITANAN,-9.550669924,-76.83266551
I420623,HUANUCO,A4272,CHACABAMBA Y SHULIACO,-9.900782001,-76.61175045
I408129,HUANUCO,A4259,CARRETERA A MALACONGA,-9.908176873,-76.20048754
I420625,HUANUCO,A4260,SAGRAG,-9.793250578,-76.01443713
I420082,HUANUCO,A4271,SECC I420082,-9.552274502,-76.81826138
I408686,HUANUCO,A4259,DERIVA A AURACSHAY,-9.859737833,-75.99864694
I408688,HUANUCO,A4259,DERIVA A NINACOCHA (LP A PANAOCOCHA - OCHOCRUZ),-9.865041657,-76.01134363
I408309,HUANUCO,A4259,DERIVA A CACHUNA,-9.915528187,-76.19053384
I408310,HUANUCO,A4259,DERIVA A SARIAPAMPA,-9.919636514,-76.18636439
I408329,HUANUCO,A4259,SARIAPAMPA II,-9.924246703,-76.18063717
I408289,HUANUCO,A4256,JR. GENERAL PARADO C-3,-9.927575698,-76.24519439
I408035,HUANUCO,A4252,SECC: I408035,-9.922981064,-76.24423299
I408193,HUANUCO,A4271,DERIVACION A LLATA-PUÑOS,-9.54270533,-76.76265653
I420859,HUANUCO,A4258,DERIVACIÓN A CHAGLLA,-9.993658662,-76.39743978
I420891,HUANUCO,A4271,TRONCAL HUIYAPAG,-9.558457773,-76.84557375
I420637,HUANUCO,A4256,Jr. GENERAL PRADO 1,-9.926508177,-76.24681401
I420617,HUANUCO,A4253,SECC: I420617,-9.930426749,-76.23662601
I420618,HUANUCO,A4266,I420618,-9.958779139,-76.24504507
I420640,HUANUCO,A4253,I420640,-9.915089872,-76.2394859
I420641,HUANUCO,A4257,SECC: I420641,-9.987682771,-76.2884467
I420638,HUANUCO,A4252,I420638,-9.923190744,-76.24175104
I420639,HUANUCO,A4252,I420639,-9.924334763,-76.24243602
I420626,HUANUCO,A4266,I420626,-9.959270073,-76.24379866
I420642,HUANUCO,A4272,SAN JUAN DE PUQUIO,-9.986022169,-76.69084797
I420736,HUANUCO,A4259,TRONCAL HACIA PACHITEA,-9.903279624,-76.00277227
I420820,HUANUCO,A4266,I420820,-9.953446374,-76.25160403
I420643,HUANUCO,A4257,INSTITUTO TECNOLÓGICO PÚBLICO MAX PLANCK - AMBO,-10.09829871,-76.20629539
I420569,HUANUCO,A4272,SECC:I420569,-10.14088782,-76.6248084
I420570,HUANUCO,A4272,SECC:I420570,-10.14237561,-76.62668998
I420568,HUANUCO,A4272,SECC:I420568,-10.13914941,-76.62248577
I420567,HUANUCO,A4272,SECC:I420567,-10.13436807,-76.62119662
I420739,HUANUCO,A4251,SECC: I420739,-9.938181774,-76.24031694
I420741,HUANUCO,A4251,SECC: I420741,-9.94190514,-76.24993771
I420740,HUANUCO,A4251,SECC: I420740,-9.939715797,-76.23994856
I420742,HUANUCO,A4252,SECC:I420742,-9.933963312,-76.24100715
I420743,HUANUCO,A4252,SECC: I420743,-9.933902685,-76.24039113
I420744,HUANUCO,A4253,SECC: I420744,-9.927683936,-76.23672344
I420745,HUANUCO,A4253,SECC: I420745,-9.927179021,-76.23684041
I420746,HUANUCO,A4253,SECC: I420746,-9.917763007,-76.24278962
I420750,HUANUCO,A4254,SECC: I420750,-9.895884469,-76.22338515
I420751,HUANUCO,A4255,SECC: I420751,-9.947637059,-76.2413543
I420752,HUANUCO,A4256,SECC: I420752,-9.935608545,-76.24809621
I420753,HUANUCO,A4256,SECC: I420753,-9.933118482,-76.24995484
I420754,HUANUCO,A4256,SECC: I420754,-9.933251369,-76.25062531
I420755,HUANUCO,A4257,SECC: I420755,-9.981332666,-76.24014842
I420756,HUANUCO,A4257,SECC: I420756,-10.0152734,-76.23507191
I420758,HUANUCO,A4257,SECC: I420758,-10.04006145,-76.22985355
I420759,HUANUCO,A4257,SECC: I420759,-9.982945776,-76.24568421
I420760,HUANUCO,A4257,SECC: I420760,-9.995528207,-76.24163613
I420761,HUANUCO,A4257,SECC: I420761,-10.03871239,-76.23142199
I420762,HUANUCO,A4257,SECC: I420762,-10.03753313,-76.23154226
I420763,HUANUCO,A4257,SECC: I420763,-10.15861869,-76.2354287
I420764,HUANUCO,A4257,SECC: I420764,-10.16743665,-76.23264217
I420765,HUANUCO,A4257,SECC: I420765,-10.17079577,-76.19022445
I420766,HUANUCO,A4257,SECC: I420766,-10.07839875,-76.29445899
I420767,HUANUCO,A4257,SECC: I420767,-9.990152661,-76.29209917
I420768,HUANUCO,A4257,SECC: I420768,-9.990226595,-76.29474512
I420769,HUANUCO,A4258,SECC: I420769,-10.01676919,-76.47196297
I420770,HUANUCO,A4258,SECC: I420770,-10.02102581,-76.47250688
I420771,HUANUCO,A4258,SECC: I420771,-9.89894537,-76.41373086
I420772,HUANUCO,A4258,SECC: I420772,-10.01157251,-76.52294648
I420773,HUANUCO,A4258,SECC: I420773,-9.891702221,-76.46203758
I420774,HUANUCO,A4259,SECC: I420774,-9.96611018,-76.06019682
I420775,HUANUCO,A4259,SECC: I420775,-9.950301216,-76.04030973
I420776,HUANUCO,A4259,SECC: I420776,-9.948444106,-76.15377896
I420777,HUANUCO,A4259,SECC: I420777,-9.859533535,-75.9383268
I420778,HUANUCO,A4259,SECC: I420778,-9.873991781,-75.95181229
I420779,HUANUCO,A4259,SECC: I420779,-9.894609577,-75.9961988
I420780,HUANUCO,A4259,SECC: I420780,-9.864627646,-75.94473571
I420781,HUANUCO,A4259,SECC: I420781,-9.921084978,-76.02222172
I420782,HUANUCO,A4259,SECC: I420782,-9.875023367,-76.03005889
I420783,HUANUCO,A4259,SECC: I420783,-9.919514551,-75.92942567
I420784,HUANUCO,A4259,SECC: I420784,-9.838344395,-75.89855777
I420786,HUANUCO,A4260,SECC: I420786,-9.874855,-76.17734105
I420787,HUANUCO,A4260,SECC:I420787,-9.838669638,-76.11200233
I420788,HUANUCO,A4260,SECC: I420788,-9.837715804,-76.11041763
I420789,HUANUCO,A4260,SECC: I420789,-9.796728963,-76.07630232
I420790,HUANUCO,A4260,SECC: I420790,-9.812204086,-76.27264836
I420791,HUANUCO,A4260,SECC: I420791,-9.8469515,-76.25734095
I420792,HUANUCO,A4260,SECC: I420792,-9.796384334,-76.3190816
I420794,HUANUCO,A4260,SECC: I420794,-9.795885802,-75.99422528
I420793,HUANUCO,A4260,SECC: I420793,-9.796157817,-76.31852524
I420795,HUANUCO,A4260,SECC: I420795,-9.790979002,-76.08240507
I420796,HUANUCO,A4260,SECC: I420796,-9.842855041,-76.13067192
I420797,HUANUCO,A4266,SECC: I420797,-9.954644344,-76.24908674
I420798,HUANUCO,A4266,SECC: I420798,-9.955179483,-76.2488422
I420800,HUANUCO,A4266,SECC: I420800,-9.967163528,-76.24446243
I420801,HUANUCO,A4268,SECC: I420801,-9.704162543,-76.77004116
I420802,HUANUCO,A4268,SECC: I420802,-9.610892539,-76.70803335
I420803,HUANUCO,A4268,SECC: I420803,-9.760004327,-76.77620718
I420804,HUANUCO,A4268,SECC: I420804,-9.745441304,-76.64806814
I420805,HUANUCO,A4268,SECC: I420805,-9.58690438,-76.44002754
I420806,HUANUCO,A4268,SECC: I420806,-9.585342205,-76.43101152
I420807,HUANUCO,A4268,SECC: I420807,-9.584597597,-76.43256757
I420808,HUANUCO,A4268,SECC: I420808,-9.608020936,-76.50138458
I420809,HUANUCO,A4268,SECC: I420809,-9.71354077,-76.66415861
I420810,HUANUCO,A4268,SECC: I420810,-9.732260489,-76.77472135
I420812,HUANUCO,A4270,SECC: I420812,-9.840216223,-76.80905853
I420813,HUANUCO,A4270,SECC: I420813,-9.850190134,-76.82807715
I420814,HUANUCO,A4271,SECC: I420814,-9.785722661,-76.81710514
I420815,HUANUCO,A4271,SECC: I420815,-9.563452728,-76.74410632
I420816,HUANUCO,A4271,SECC: I420816,-9.515886441,-76.84359293
I420817,HUANUCO,A4272,SECC: I420817,-10.01121854,-76.69847251
I420818,HUANUCO,A4272,SECC: I420818,-10.13651892,-76.72511143
I420819,HUANUCO,A4272,SECC: I420819,-9.903610353,-76.60542535
I420748,HUANUCO,A4254,SECC: I420748,-9.917766684,-76.2337167
I420747,HUANUCO,A4253,SECC: I420747,-9.917376357,-76.24408919
I420749,HUANUCO,A4254,SECC: I420749,-9.919985675,-76.23376907
I420757,HUANUCO,A4257,SECC:I420757,-9.994355728,-76.2420476
I420799,HUANUCO,A4266,SECC: I420799,-9.955590223,-76.2485653
I420476,HUANUCO,A4258,I420476,-9.875103423,-76.58280581
I420896,HUANUCO,A4254,SECC: I420896,-9.90883363,-76.2301965
I420861,HUANUCO,A4268,SECC: I420861,-9.703737595,-76.68133961
I420822,HUANUCO,A4258,DERIVA A SED E421124 CHAULAN,-10.05270495,-76.48459408
I420663,HUANUCO,A4254,Ca. LOS ANGELES    0  Int. 2CD  CPMe. LA ESPERANZA   ,-9.892123044,-76.22040501
I420634,HUANUCO,A4257,Illacucho-Gongash,-10.13958832,-76.27483868
I420680,HUANUCO,A4257,I420680,-9.997519164,-76.24130962
I420828,HUANUCO,A4254,AMARILIS - Condominio Lomas del Sol,-9.911592991,-76.22565789
I420826,HUANUCO,A4260,I420826,-9.753730966,-76.26383665
I420825,HUANUCO,A4258,I420825,-9.923152849,-76.33752011
I420853,HUANUCO,A4260,|SECC. I420853,-9.865716151,-76.17421814
I420854,HUANUCO,A4260,POMACUCHO,-9.830335016,-76.24807867
I420858,HUANUCO,A4258,DERIVACION A CHULLAY,-9.971253436,-76.43663805
I4206554,HUANUCO,A4259,I420654,-9.895013293,-75.99087269
I420827,HUANUCO,A4271,I420827,-9.552228465,-76.81939823
I420845,HUANUCO,A4259,DERIVACION PURUPAMPA,-9.895312763,-75.98753018
I420847,HUANUCO,A4257,SECC: I420847,-10.10970573,-76.20650142
I420856,HUANUCO,A4272,SECC: I420856,-9.985362237,-76.69072041
I420857,HUANUCO,A4268,SECC: I420857,-9.606295111,-76.70770635
I420849,HUANUCO,A4259,SECC: I420849,-9.941825222,-76.16168741
I420850,HUANUCO,A4260,SECC: I420850,-9.818930512,-76.06732689
I420851,HUANUCO,A4260,SECC: I420851,-9.818326987,-76.06534515
I420852,HUANUCO,A4260,SECC: I420852,-9.791727574,-76.02059809
I420855,HUANUCO,A4258,SECC: I420855,-9.985432158,-76.50416091
I420830,HUANUCO,A4266,I420830,-9.975261676,-76.24370322
I420829,HUANUCO,A4260,I420829,-9.783428473,-76.08443742
I420863,HUANUCO,A4257,CHANCADORA MORY CA - CARRETERA CARRETERA AMBO - YANAHUANCA  HUACAR,-10.15848804,-76.23278718
I420864,HUANUCO,A4257,I420864,-10.22868172,-76.23456776
I420865,HUANUCO,A4266,CAYHUAYNA CA - CARRETERA CENTRAL HCO - LIMA,-9.965715337,-76.24481549
I420866,HUANUCO,A4254,CIUDAD HUANUCO CA - CARRETERA CENTRAL,-9.921715251,-76.23395694
I420894,HUANUCO,A4260,I420894,-9.776123879,-76.22207438
I420895,HUANUCO,A4260,I420895,-9.858130328,-76.22352598
I420647,HUANUCO,A4258,TRONCAL_MARGOS,-10.00027682,-76.52317379
I420821,HUANUCO,A4271,I420821,-9.550977021,-76.81713274
I420831,HUANUCO,A4259,I420831-A4259,-9.955815083,-75.92457793
I420832,HUANUCO,A4259,I420832-A4259,-9.970052069,-75.93378043
I420833,HUANUCO,A4259,I420833-A4259,-10.02109154,-75.93488216
I420834,HUANUCO,A4259,I420834-A4259,-10.02185625,-75.9348867
I420835,HUANUCO,A4259,I420835-A4259,-10.03239703,-75.90868984
I420836,HUANUCO,A4259,I420836-A4259,-10.04370617,-75.88567325
I420837,HUANUCO,A4259,I420837-A4259,-10.04962704,-75.90095841
I420839,HUANUCO,A4259,I420839-A4259,-10.05984813,-75.94114379
I420840,HUANUCO,A4259,I420840-A4259,-10.06918266,-75.9045365
I420841,HUANUCO,A4259,I420841-A4259,-10.08614216,-75.92953761
I420842,HUANUCO,A4259,I420842-A4259,-10.11101025,-75.92194916
I420843,HUANUCO,A4259,I420843-A4259,-10.11835772,-75.89759578
I420838,HUANUCO,A4259,I420838-A4259,-10.06874048,-75.90455654
I420860,HUANUCO,A4257,SECC: I420860,-10.09436019,-76.2137064
I420862,HUANUCO,A4257,SECC: I420862,-10.17847486,-76.18175375
I420898,HUANUCO,A4253,I420898,-9.918481249,-76.243959
I408790,HUANUCO,A4254,DERIVACION LAS TORRES TEMPLO,-9.916620641,-76.23060863
I420669,HUANUCO,A4257,I420669,-10.03307436,-76.23461938
I420892,HUANUCO,A4271,I420892,-9.501562784,-76.89080894
I420897,HUANUCO,A4258,SECC.-I420897,-9.941004435,-76.26540479
I420844,HUANUCO,A4260,I420844,-9.81703387,-76.23216822
I420893,HUANUCO,A4257,I420893,-10.17202776,-76.17994606
I420633,HUANUCO,A4257,Vista Alegre,-10.14024517,-76.29335701
I420676,HUANUCO,A4271,I420676,-9.548012795,-76.80441073
I420636,HUANUCO,A4257,Pumaquiro-Alfonso Ugarte,-10.23422631,-76.23434648
I420916,HUANUCO,A4255,Av. Javier Heraud,-9.937138985,-76.2385131
I420902,HUANUCO,A4260,SECC. I420902,-9.879618928,-76.18505178
I420901,HUANUCO,A4260,SECC. I420901,-9.877250128,-76.18228719
I420899,HUANUCO,A4257,I420899,-10.17016804,-76.18086704
I420069,HUANUCO,A4257,CM - COMITÉ SANTA ROSA DE PITUMAMA CL - CALLE PRINCIPAL,-9.985120836,-76.24596621
I420903,HUANUCO,A4268,SECC: I420903,-9.816392359,-76.64149314
I420869,HUANUCO,A4270,SECC. I420869,-9.829393314,-76.80260141
I420907,HUANUCO,A4272,DERIVACION YANAG,-10.0317238,-76.67589325
I420906,HUANUCO,A4272,DERIVACION JIVIA,-10.02503092,-76.68268632
I420913,HUANUCO,A4272,DERIVACION RIPAN,-10.02063161,-76.68197539
I420912,HUANUCO,A4272,DERIVACION RIPAN,-10.02379283,-76.68390395
I442041,HUANUCO,A4272,DERIVACION PAMPAVERDE,-10.03480853,-76.69635504
I420908,HUANUCO,A4272,DERIVACION AGOBAMBA,-10.0322078,-76.67507742
I420909,HUANUCO,A4272,DERIVACION UCRO,-10.01456603,-76.69132728
I420905,HUANUCO,A4272,DERIVACION CARAN,-10.07923451,-76.71662407
I420910,HUANUCO,A4272,DERIVACION NAUPACHACA,-10.03947154,-76.71759449
I420904,HUANUCO,A4272,DERIVACION CARAN,-10.07688577,-76.73479432
I442040,HUANUCO,A4272,DERIVACION AGOBAMBA,-10.02431873,-76.68420303
I442044,HUANUCO,A4254,JR. LOS EUCALIPTOS,-9.909677605,-76.22582048
I420281,HUANUCO,A4258,PUCUCHINCHE,-9.922115185,-76.29301692
I420874,HUANUCO,A4269,SECC. I420874,-9.808756876,-76.76634976
I420875,HUANUCO,A4269,SECC. I420875,-9.79438975,-76.71015446
I420876,HUANUCO,A4269,SECC. I420876,-9.799736625,-76.66810865
I420877,HUANUCO,A4269,SECC. I420877,-9.839437355,-76.62504472
I420871,HUANUCO,A4269,SECC. I420871,-9.855294264,-76.62622356
I420870,HUANUCO,A4269,SECC. I420870,-9.797521576,-76.66670307
I420868,HUANUCO,A4270,SECC. I420868,-9.83319831,-76.80299149
I420890,HUANUCO,A4269,SECC. I420890,-9.864499492,-76.60860619
I419344,HUANUCO,,SECC. I419344,-10.31486316,-75.94559372
I419345,HUANUCO,,SECC. I419345,-10.33947825,-75.92838377
I420882,HUANUCO,A4258,SECC. I420882,-9.934437215,-76.26905757
I420883,HUANUCO,A4258,SECC. I420883,-9.920214607,-76.32424422
I420884,HUANUCO,A4258,SECC. I420884,-9.923051783,-76.34991579
I420888,HUANUCO,,SECC. I420888,-9.885800281,-76.49980057
I420887,HUANUCO,,SECC. I420887,-9.893903342,-76.47563484
I420889,HUANUCO,,SECC. I420889,-9.864423597,-76.54502113
I420886,HUANUCO,,SECC. I420886,-9.898091784,-76.41822621
I420881,HUANUCO,A4258,SECC. I420881,-9.941674692,-76.25439156
I420879,HUANUCO,A4258,SECC. I420879,-9.948333217,-76.24682528
I420880,HUANUCO,A4258,SECC. I420880,-9.941498916,-76.25097103
I420872,HUANUCO,A4269,SECC. I420872,-9.863903346,-76.61065568
I442047,HUANUCO,A4260,DERIVACION TARUCA,-9.853717341,-76.14757434
I442046,HUANUCO,A4251,SECC: I442046,-9.939512158,-76.25809325
I442043,HUANUCO,,I442043,-9.963402235,-76.24562372
